"ID";"P01";"P02";"P03";"P04";"P05";"P06";"P07";"P08";"P09";"P10";"P11";"P12";"P13_1";"P13_2";"P13_3";"P14";"P15";"P16";"P19";"P20";"P21";"P22";"P23";"P24";"P25";"P26";"P27";"P28";"VD_P19";"VD_IDADE";"VD_ESCOLARIDADE";"VD_RENDA";"VD_TIPOTEL";"W1";"W2"
"1";9;1;2;3;3;3;5;4;97;1;3;5;1;2;2;3;3;4;1;2;1;2;2;1;1;6;2;2;3;4;1;1;"1";"1.61133284053982";"196164"
"2";11;1;2;3;3;1;4;3;97;1;1;4;1;2;97;2;2;4;11;2;1;2;2;97;1;6;2;2;1;4;1;1;"2";"8.22664090825817";"1001513"
"3";12;1;2;1;2;1;5;3;97;1;1;3;1;2;1;3;2;3;1;2;1;2;2;1;1;3;5;2;3;1;3;1;"2";"8.22664090825817";"1001513"
"4";12;1;2;3;3;1;4;1;97;1;1;3;1;2;1;2;3;3;1;97;1;1;2;2;1;2;5;2;3;1;3;1;"2";"8.22664090825817";"1001513"
"5";11;1;1;2;2;1;2;2;2;1;1;3;1;2;2;2;2;3;11;2;1;2;1;1;1;3;6;1;1;1;4;1;"3";"0.45259396350953";"55098.8846153846"
"6";9;1;1;3;1;1;6;4;97;1;1;4;1;2;97;2;2;3;2;1;1;1;2;2;1;4;2;97;3;2;1;97;"3";"0.45259396350953";"55098.8846153846"
"7";9;1;1;3;3;3;5;2;3;2;2;5;1;2;1;3;3;5;1;2;1;1;2;2;1;3;3;2;3;1;2;1;"3";"0.45259396350953";"55098.8846153846"
"8";9;1;1;3;3;2;6;2;97;1;1;3;1;2;1;3;3;3;6;2;1;2;1;1;1;2;4;2;2;1;2;1;"3";"0.45259396350953";"55098.8846153846"
"9";9;1;1;3;3;2;4;1;3;1;2;5;1;2;2;3;2;4;1;2;1;1;2;1;1;6;6;3;3;4;4;2;"3";"0.45259396350953";"55098.8846153846"
"10";9;1;1;3;3;3;4;4;97;1;2;4;1;2;1;3;3;5;1;2;1;2;2;1;1;6;3;2;3;4;2;1;"3";"0.45259396350953";"55098.8846153846"
"11";9;1;1;3;3;97;4;2;97;1;3;5;1;2;2;3;3;5;1;2;2;;;;1;4;5;3;3;2;3;2;"3";"0.45259396350953";"55098.8846153846"
"12";9;1;1;3;3;3;4;2;97;2;3;5;1;2;2;3;3;5;1;2;1;2;2;1;1;5;5;2;3;3;3;1;"3";"0.45259396350953";"55098.8846153846"
"13";9;1;1;2;3;1;1;2;2;1;1;5;1;2;2;2;2;4;6;2;1;1;2;2;1;3;5;2;2;1;3;1;"3";"0.45259396350953";"55098.8846153846"
"14";9;1;1;3;3;2;3;1;3;1;1;2;2;2;1;3;3;5;1;2;1;1;2;1;1;4;6;2;3;2;4;1;"3";"0.45259396350953";"55098.8846153846"
"15";9;1;1;2;3;1;4;2;97;1;1;5;1;2;1;3;2;3;1;2;1;2;2;1;1;4;6;3;3;2;4;2;"3";"0.45259396350953";"55098.8846153846"
"16";12;1;1;2;1;2;3;2;3;1;2;3;1;2;2;2;3;5;1;1;1;2;1;2;1;3;6;3;3;1;4;2;"3";"0.45259396350953";"55098.8846153846"
"17";9;1;1;2;2;97;1;2;2;2;1;3;2;2;1;3;3;4;6;2;2;;;;1;7;2;3;2;4;1;2;"3";"0.45259396350953";"55098.8846153846"
"18";9;1;1;2;3;97;6;2;2;2;1;3;1;1;1;2;1;2;7;2;1;2;2;2;1;5;6;2;2;3;4;1;"3";"0.45259396350953";"55098.8846153846"
"19";11;1;1;2;2;1;3;3;3;2;1;2;1;2;2;2;1;2;8;2;1;2;2;1;1;3;6;2;2;1;4;1;"3";"0.45259396350953";"55098.8846153846"
"20";11;1;1;2;2;1;6;3;2;97;1;4;2;2;1;3;3;4;6;2;1;1;1;2;1;3;5;1;2;1;3;1;"3";"0.45259396350953";"55098.8846153846"
"21";11;1;1;2;3;1;6;2;3;1;1;3;1;2;2;2;2;3;5;2;1;2;2;1;1;3;6;2;3;1;4;1;"3";"0.45259396350953";"55098.8846153846"
"22";11;1;1;3;3;1;5;2;1;1;1;5;1;1;2;3;3;4;2;2;1;1;2;1;1;3;6;2;3;1;4;1;"3";"0.45259396350953";"55098.8846153846"
"23";11;1;1;1;2;1;1;2;2;97;1;3;2;2;1;2;2;3;11;2;97;2;2;1;1;7;2;2;1;4;1;1;"3";"0.45259396350953";"55098.8846153846"
"24";11;1;1;1;1;1;2;1;3;2;1;3;1;2;2;2;3;2;8;2;1;1;2;2;1;1;5;2;2;1;3;1;"3";"0.45259396350953";"55098.8846153846"
"25";12;1;1;2;3;1;5;2;3;1;1;2;1;2;1;3;3;4;1;2;1;2;1;2;1;4;5;3;3;2;3;2;"3";"0.45259396350953";"55098.8846153846"
"26";12;1;1;3;3;2;1;1;3;1;1;4;1;1;1;3;3;4;4;1;1;2;1;2;1;3;6;2;3;1;4;1;"3";"0.45259396350953";"55098.8846153846"
"27";7;1;1;1;1;97;5;4;97;97;2;3;1;2;1;1;1;2;9;2;2;;;;1;5;5;2;1;3;3;1;"3";"0.45259396350953";"55098.8846153846"
"28";7;1;1;2;3;1;1;4;3;2;1;3;2;2;1;2;3;2;6;2;1;1;1;1;1;3;5;1;2;1;3;1;"3";"0.45259396350953";"55098.8846153846"
"29";7;1;1;1;3;3;2;4;2;1;1;4;1;2;1;2;2;1;11;2;1;1;2;1;1;7;3;2;1;4;2;1;"3";"0.45259396350953";"55098.8846153846"
"30";7;1;1;2;2;2;5;2;3;2;1;2;1;1;1;2;1;1;11;2;1;1;1;1;1;5;5;2;1;3;3;1;"3";"0.45259396350953";"55098.8846153846"
"31";9;1;2;3;1;1;5;1;2;1;2;3;1;2;2;2;1;2;10;1;1;1;2;1;1;7;7;3;1;4;4;2;"1";"0.0343395166283147";"4180.5"
"32";12;1;2;3;3;3;5;1;3;1;1;3;1;2;2;3;3;4;1;2;1;2;97;1;1;4;7;2;3;2;4;1;"1";"0.0343395166283147";"4180.5"
"33";9;1;1;3;3;3;97;1;1;1;1;5;1;1;2;3;3;5;1;2;1;2;1;1;1;5;7;4;3;3;4;3;"3";"0.307493409057117";"37434.3125"
"34";9;1;1;3;3;1;2;2;2;1;1;5;1;2;2;2;3;3;5;2;1;1;1;1;1;3;7;3;3;1;4;2;"3";"0.307493409057117";"37434.3125"
"35";9;1;1;2;2;1;4;1;3;1;1;4;1;2;1;2;2;3;11;1;1;2;2;2;1;4;7;5;1;2;4;3;"3";"0.307493409057117";"37434.3125"
"36";9;1;1;3;3;2;5;2;3;1;1;5;1;2;2;3;2;5;5;2;1;2;1;1;1;5;7;3;3;3;4;2;"3";"0.307493409057117";"37434.3125"
"37";9;1;1;3;3;3;4;1;1;1;1;5;1;2;1;1;3;3;1;1;1;2;1;2;1;6;7;4;3;4;4;3;"3";"0.307493409057117";"37434.3125"
"38";9;1;1;1;3;3;5;3;3;1;2;5;1;1;1;3;3;5;1;2;1;1;1;2;1;4;7;3;3;2;4;2;"3";"0.307493409057117";"37434.3125"
"39";9;1;1;2;2;1;4;2;2;1;1;4;1;2;2;3;2;4;5;1;1;2;1;1;1;5;7;2;3;3;4;1;"3";"0.307493409057117";"37434.3125"
"40";9;1;1;3;3;3;4;1;2;2;3;5;1;2;2;2;2;3;6;2;1;2;1;1;1;6;7;1;2;4;4;1;"3";"0.307493409057117";"37434.3125"
"41";11;1;1;3;3;1;1;1;1;2;1;4;1;1;1;3;3;5;2;2;1;1;1;2;1;5;7;2;3;3;4;1;"3";"0.307493409057117";"37434.3125"
"42";11;1;1;2;3;1;4;2;2;2;1;5;1;2;2;3;3;4;1;1;1;2;2;1;1;4;7;4;3;2;4;3;"3";"0.307493409057117";"37434.3125"
"43";11;1;1;3;2;2;6;4;1;1;1;5;2;1;2;3;2;4;1;1;1;2;2;2;1;6;7;3;3;4;4;2;"3";"0.307493409057117";"37434.3125"
"44";12;1;1;1;1;1;4;2;3;1;2;4;1;1;2;2;2;3;4;1;1;2;2;1;1;6;7;4;3;4;4;3;"3";"0.307493409057117";"37434.3125"
"45";12;1;1;2;2;2;5;2;2;1;1;2;1;2;2;2;2;2;9;2;1;1;2;1;1;4;7;3;1;2;4;2;"3";"0.307493409057117";"37434.3125"
"46";7;1;1;3;1;2;4;1;1;1;1;3;1;97;1;2;3;3;4;1;1;2;1;2;1;4;7;5;3;2;4;3;"3";"0.307493409057117";"37434.3125"
"47";7;1;1;3;3;3;4;1;3;1;3;5;1;2;2;3;3;5;1;2;1;2;2;1;1;6;7;5;3;4;4;3;"3";"0.307493409057117";"37434.3125"
"48";7;1;1;3;3;3;4;2;3;1;1;5;1;1;1;3;2;5;1;2;1;2;1;1;1;4;7;4;3;2;4;3;"3";"0.307493409057117";"37434.3125"
"49";7;1;2;2;2;1;4;4;2;1;1;3;1;2;2;2;3;3;1;2;1;1;1;1;2;7;5;3;3;4;3;2;"1";"1.04052719277004";"126674"
"50";11;1;2;3;3;1;4;4;2;1;1;4;1;1;1;3;2;4;7;2;2;;;;2;4;2;2;2;2;1;1;"2";"6.23154004550215";"758629"
"51";7;1;2;1;1;97;5;4;1;3;3;5;1;2;2;3;3;5;1;2;2;;;;2;3;4;2;3;1;2;1;"2";"6.23154004550215";"758629"
"52";9;1;2;3;3;2;6;3;3;97;3;5;1;2;2;3;3;5;6;2;1;2;1;1;2;6;5;4;2;4;3;3;"2";"6.23154004550215";"758629"
"53";9;1;2;3;2;3;4;1;97;2;3;5;1;2;1;3;3;5;3;2;1;2;1;1;2;4;5;3;3;2;3;2;"2";"6.23154004550215";"758629"
"54";11;1;1;3;3;97;1;1;1;1;1;5;2;2;2;3;3;4;3;1;2;;;;2;3;6;1;3;1;4;1;"3";"0.788070402984159";"95939.8571428571"
"55";7;1;1;1;3;1;6;2;3;2;1;4;1;2;2;3;3;4;4;1;1;2;2;2;2;3;5;1;3;1;3;1;"3";"0.788070402984159";"95939.8571428571"
"56";9;1;1;3;3;3;1;4;1;3;1;5;1;2;2;3;3;5;1;2;1;2;2;1;2;3;5;2;3;1;3;1;"3";"0.788070402984159";"95939.8571428571"
"57";9;1;1;2;3;3;4;2;1;1;1;5;1;1;2;3;3;5;1;1;2;;;;2;3;6;2;3;1;4;1;"3";"0.788070402984159";"95939.8571428571"
"58";11;1;1;3;3;3;4;2;3;1;1;3;1;2;1;2;1;1;10;1;1;1;2;2;2;7;2;2;1;4;1;1;"3";"0.788070402984159";"95939.8571428571"
"59";9;1;1;2;3;2;2;2;3;2;1;5;1;2;2;3;3;4;1;2;1;2;2;1;2;4;5;2;3;2;3;1;"3";"0.788070402984159";"95939.8571428571"
"60";9;1;1;2;2;3;6;2;3;1;1;3;1;1;2;3;3;3;6;2;2;;;;2;2;5;2;2;1;3;1;"3";"0.788070402984159";"95939.8571428571"
"61";9;1;1;3;3;2;4;4;97;2;1;5;1;2;2;3;3;4;4;2;1;2;2;1;2;5;4;2;3;3;2;1;"3";"0.788070402984159";"95939.8571428571"
"62";11;1;1;2;2;1;6;2;3;1;1;4;1;2;1;2;2;3;6;1;1;1;1;1;2;3;6;2;2;1;4;1;"3";"0.788070402984159";"95939.8571428571"
"63";11;1;1;1;2;1;5;2;3;2;2;2;2;2;1;3;2;3;7;2;1;1;2;1;2;3;5;2;2;1;3;1;"3";"0.788070402984159";"95939.8571428571"
"64";11;1;1;3;3;2;5;2;3;1;2;3;1;2;2;2;2;3;6;2;1;2;2;1;2;3;5;2;2;1;3;1;"3";"0.788070402984159";"95939.8571428571"
"65";12;1;1;2;2;1;2;4;2;2;3;2;1;2;1;2;2;2;9;2;1;2;2;2;2;1;4;97;1;1;2;97;"3";"0.788070402984159";"95939.8571428571"
"66";12;1;1;2;2;1;97;1;2;1;1;3;1;2;97;3;3;5;2;2;1;1;2;1;2;4;5;3;3;2;3;2;"3";"0.788070402984159";"95939.8571428571"
"67";7;1;1;3;3;3;4;1;97;1;3;5;1;2;2;3;3;5;1;2;1;2;2;1;2;6;6;4;3;4;4;3;"3";"0.788070402984159";"95939.8571428571"
"68";9;1;2;2;3;1;97;1;3;1;1;5;1;2;97;3;3;5;7;2;1;2;1;97;2;4;7;97;2;2;4;97;"1";"0.0172416326761948";"2099"
"69";9;1;2;1;2;2;4;1;2;1;1;3;1;2;2;2;2;2;8;1;1;1;1;1;2;5;7;5;2;3;4;3;"1";"0.0172416326761948";"2099"
"70";12;1;2;2;2;1;4;4;2;1;1;3;1;2;2;2;2;3;1;2;1;2;2;1;2;6;7;5;3;4;4;3;"2";"0.689287453258796";"83914"
"71";7;1;2;3;3;3;97;3;97;1;3;5;1;2;2;2;2;3;5;2;2;;;;2;7;7;3;3;4;4;2;"2";"0.689287453258796";"83914"
"72";7;1;2;1;1;3;3;2;1;1;3;3;1;2;2;2;2;3;5;97;1;97;97;1;2;3;7;4;3;1;4;3;"2";"0.689287453258796";"83914"
"73";9;1;1;2;2;3;3;1;2;1;1;3;1;2;2;2;2;3;3;1;1;1;2;2;2;4;7;4;3;2;4;3;"3";"0.244161999465511";"29724.3333333333"
"74";9;1;1;3;2;1;4;1;97;2;1;5;1;2;2;2;3;4;1;1;1;1;2;2;2;3;7;3;3;1;4;2;"3";"0.244161999465511";"29724.3333333333"
"75";9;1;1;3;2;2;3;1;3;2;1;4;2;2;2;3;3;4;6;2;1;2;2;1;2;4;7;3;2;2;4;2;"3";"0.244161999465511";"29724.3333333333"
"76";9;1;1;3;3;2;4;1;2;2;3;5;1;2;2;3;3;5;6;1;1;2;1;1;2;4;7;5;2;2;4;3;"3";"0.244161999465511";"29724.3333333333"
"77";9;1;1;3;3;3;2;2;1;1;1;4;1;2;2;2;2;3;4;2;1;1;1;2;2;3;7;2;3;1;4;1;"3";"0.244161999465511";"29724.3333333333"
"78";11;1;1;3;3;97;4;1;1;2;3;5;1;2;1;3;3;5;3;2;1;2;2;2;2;5;7;4;3;3;4;3;"3";"0.244161999465511";"29724.3333333333"
"79";11;1;1;3;3;1;4;1;3;1;1;5;1;2;1;3;3;5;1;2;1;2;1;2;2;4;7;4;3;2;4;3;"3";"0.244161999465511";"29724.3333333333"
"80";12;1;1;3;3;3;4;1;3;3;3;5;1;2;2;3;3;5;1;2;1;1;1;1;2;4;7;3;3;2;4;2;"3";"0.244161999465511";"29724.3333333333"
"81";12;1;1;3;3;3;4;1;3;1;3;5;1;2;2;3;3;5;1;1;1;2;2;2;2;4;7;97;3;2;4;97;"3";"0.244161999465511";"29724.3333333333"
"82";12;1;1;3;3;2;6;3;3;2;1;4;1;2;2;2;2;4;1;1;1;2;97;1;2;3;7;97;3;1;4;97;"3";"0.244161999465511";"29724.3333333333"
"83";12;1;1;3;1;2;4;2;3;1;1;3;1;2;2;2;2;2;8;2;1;2;1;2;2;4;7;5;2;2;4;3;"3";"0.244161999465511";"29724.3333333333"
"84";7;1;1;2;2;3;6;2;3;97;1;3;1;2;2;3;3;3;5;1;1;2;2;2;2;4;7;3;3;2;4;2;"3";"0.244161999465511";"29724.3333333333"
"85";7;1;1;2;2;3;4;2;3;1;1;5;1;2;1;3;3;5;4;2;1;2;1;2;2;4;7;5;3;2;4;3;"3";"0.244161999465511";"29724.3333333333"
"86";7;1;1;2;3;1;4;2;2;2;3;5;2;2;2;3;3;5;1;2;1;2;2;1;2;5;7;4;3;3;4;3;"3";"0.244161999465511";"29724.3333333333"
"87";7;1;1;2;2;3;6;1;3;1;1;4;1;2;2;3;3;3;2;2;1;1;2;1;2;6;7;5;3;4;4;3;"3";"0.244161999465511";"29724.3333333333"
"88";18;2;2;3;3;3;5;4;1;97;1;5;97;2;97;3;3;4;97;2;2;;;;1;7;5;1;97;4;3;1;"1";"0.334467412193262";"40718.1333333333"
"89";5;2;2;2;2;1;4;2;3;1;1;5;1;2;1;3;3;5;1;2;1;1;1;1;1;3;5;2;3;1;3;1;"1";"0.334467412193262";"40718.1333333333"
"90";5;2;2;2;3;1;4;2;3;1;1;2;1;2;97;2;1;2;8;2;1;1;97;1;1;6;5;3;2;4;3;2;"1";"0.334467412193262";"40718.1333333333"
"91";5;2;2;3;3;3;5;4;1;2;3;5;2;2;2;3;1;5;1;2;2;;;;1;6;1;2;3;4;1;1;"1";"0.334467412193262";"40718.1333333333"
"92";5;2;2;1;3;1;5;2;1;3;2;3;2;2;1;3;2;3;1;2;1;2;1;1;1;1;2;2;3;1;1;1;"1";"0.334467412193262";"40718.1333333333"
"93";5;2;2;3;3;3;5;4;1;1;1;5;1;2;2;3;3;5;1;2;1;1;2;1;1;7;2;3;3;4;1;2;"1";"0.334467412193262";"40718.1333333333"
"94";5;2;2;2;2;1;4;1;2;2;1;1;1;1;1;3;2;1;11;2;1;2;2;1;1;7;2;2;1;4;1;1;"1";"0.334467412193262";"40718.1333333333"
"95";5;2;2;3;2;3;5;1;3;1;1;3;1;2;1;3;2;3;8;2;1;2;2;1;1;6;5;97;2;4;3;97;"1";"0.334467412193262";"40718.1333333333"
"96";5;2;2;3;3;3;2;1;97;97;1;5;2;2;2;3;3;5;1;2;2;;;;1;6;5;97;3;4;3;97;"1";"0.334467412193262";"40718.1333333333"
"97";5;2;2;3;3;2;4;3;97;1;2;3;1;2;1;2;1;1;7;2;1;2;1;1;1;6;3;2;2;4;2;1;"1";"0.334467412193262";"40718.1333333333"
"98";5;2;2;3;3;3;5;4;1;97;3;5;1;2;2;2;3;3;9;2;1;2;2;1;1;6;2;1;1;4;1;1;"1";"0.334467412193262";"40718.1333333333"
"99";17;2;2;3;3;3;97;2;3;1;1;5;1;1;1;2;2;3;1;2;1;2;97;2;1;4;5;1;3;2;3;1;"1";"0.334467412193262";"40718.1333333333"
"100";17;2;2;3;3;3;3;4;97;2;3;5;2;2;1;1;2;5;1;97;1;1;2;1;1;5;2;2;3;3;1;1;"1";"0.334467412193262";"40718.1333333333"
"101";6;2;2;2;2;3;97;2;97;1;2;3;1;2;2;3;2;3;6;97;2;;;;1;6;5;1;2;4;3;1;"1";"0.334467412193262";"40718.1333333333"
"102";10;2;2;3;1;2;4;3;2;1;2;3;1;2;1;3;2;3;1;2;1;2;2;1;1;3;5;2;3;1;3;1;"1";"0.334467412193262";"40718.1333333333"
"103";17;2;2;2;3;3;6;4;1;3;1;5;1;2;1;2;3;3;6;2;1;1;1;1;1;3;5;2;2;1;3;1;"2";"4.01207814562094";"488431.24"
"104";17;2;2;3;3;1;3;1;3;1;1;5;1;2;1;3;2;3;3;2;2;;;;1;4;6;2;3;2;4;1;"2";"4.01207814562094";"488431.24"
"105";17;2;2;1;2;1;5;2;2;1;1;5;1;2;1;2;3;3;1;2;1;2;1;1;1;5;5;2;3;3;3;1;"2";"4.01207814562094";"488431.24"
"106";17;2;2;1;3;1;5;3;3;2;1;4;2;2;1;2;3;4;1;2;1;1;2;1;1;1;4;97;3;1;2;97;"2";"4.01207814562094";"488431.24"
"107";18;2;2;2;1;2;4;4;97;1;1;5;1;2;2;3;3;4;3;2;1;97;1;97;1;5;2;2;3;3;1;1;"2";"4.01207814562094";"488431.24"
"108";18;2;2;3;3;1;5;2;3;2;1;3;1;2;2;3;3;4;6;2;1;1;2;1;1;5;5;97;2;3;3;97;"2";"4.01207814562094";"488431.24"
"109";18;2;2;3;3;3;1;2;3;1;1;5;2;1;2;2;2;3;5;2;2;;;;1;3;6;1;3;1;4;1;"2";"4.01207814562094";"488431.24"
"110";15;2;2;3;3;97;5;3;1;1;1;5;1;2;2;3;3;5;6;2;2;;;;1;4;5;2;2;2;3;1;"2";"4.01207814562094";"488431.24"
"111";20;2;2;3;3;1;6;4;1;2;3;5;1;2;2;3;3;5;1;2;1;2;2;2;1;6;2;3;3;4;1;2;"2";"4.01207814562094";"488431.24"
"112";2;2;2;3;3;2;5;2;2;1;1;3;1;2;1;2;2;3;8;2;1;1;2;2;1;4;2;2;2;2;1;1;"2";"4.01207814562094";"488431.24"
"113";2;2;2;2;3;2;3;2;97;3;1;3;1;2;2;2;2;3;6;2;1;2;1;2;1;5;3;2;2;3;2;1;"2";"4.01207814562094";"488431.24"
"114";2;2;2;1;2;1;5;4;97;1;2;4;2;2;2;3;3;4;1;2;1;2;2;1;1;7;5;2;3;4;3;1;"2";"4.01207814562094";"488431.24"
"115";6;2;2;3;3;1;4;4;2;97;3;5;2;2;2;3;3;4;10;2;1;1;2;2;1;5;2;2;1;3;1;1;"2";"4.01207814562094";"488431.24"
"116";6;2;2;3;2;1;5;4;97;1;3;5;1;2;1;3;2;3;6;2;1;2;2;1;1;5;3;2;2;3;2;1;"2";"4.01207814562094";"488431.24"
"117";6;2;2;3;3;3;5;4;2;1;97;3;2;2;2;2;2;3;1;2;1;2;2;2;1;5;2;2;3;3;1;1;"2";"4.01207814562094";"488431.24"
"118";5;2;2;3;3;3;4;1;1;1;3;5;1;2;2;3;3;5;1;1;2;;;;1;6;6;2;3;4;4;1;"2";"4.01207814562094";"488431.24"
"119";10;2;2;1;3;1;5;4;97;1;1;3;1;2;1;2;3;3;5;2;2;;;;1;6;5;2;3;4;3;1;"2";"4.01207814562094";"488431.24"
"120";5;2;2;2;3;3;6;2;2;2;1;5;1;2;1;3;3;5;1;2;2;;;;1;3;6;97;3;1;4;97;"2";"4.01207814562094";"488431.24"
"121";5;2;2;2;3;1;5;4;97;1;1;3;1;2;2;2;3;3;1;2;1;2;2;2;1;6;2;97;3;4;1;97;"2";"4.01207814562094";"488431.24"
"122";5;2;2;2;2;2;3;2;3;1;1;3;1;2;1;2;2;3;7;2;1;1;2;2;1;3;5;2;2;1;3;1;"2";"4.01207814562094";"488431.24"
"123";5;2;2;3;3;3;4;2;97;3;3;5;1;2;2;3;3;5;1;2;1;1;2;2;1;3;5;3;3;1;3;2;"2";"4.01207814562094";"488431.24"
"124";5;2;2;3;3;1;1;4;2;2;1;5;1;2;2;3;3;5;1;2;2;;;;1;4;5;2;3;2;3;1;"2";"4.01207814562094";"488431.24"
"125";5;2;2;3;3;1;5;4;97;97;1;2;2;2;1;97;3;97;6;2;97;97;97;2;1;5;1;1;2;3;1;1;"2";"4.01207814562094";"488431.24"
"126";5;2;2;2;3;1;5;2;1;2;1;3;1;2;1;2;1;2;4;2;1;1;2;97;1;3;5;2;3;1;3;1;"2";"4.01207814562094";"488431.24"
"127";5;2;2;3;3;3;5;2;2;1;3;5;1;2;2;2;3;3;1;2;1;2;1;2;1;5;4;1;3;3;2;1;"2";"4.01207814562094";"488431.24"
"128";6;2;1;2;3;3;5;1;2;3;1;5;1;2;1;3;1;5;11;2;1;1;2;2;1;3;5;2;1;1;3;1;"3";"0.335748829390731";"40874.1333333333"
"129";6;2;1;2;2;1;5;4;1;3;2;3;1;2;1;3;2;3;1;2;1;1;2;1;1;6;4;2;3;4;2;1;"3";"0.335748829390731";"40874.1333333333"
"130";10;2;1;2;3;1;5;3;2;2;1;3;1;1;1;2;2;2;8;2;2;;;;1;4;4;97;2;2;2;97;"3";"0.335748829390731";"40874.1333333333"
"131";2;2;1;3;3;97;1;4;97;1;2;3;1;2;2;2;2;3;8;2;2;;;;1;4;6;2;2;2;4;1;"3";"0.335748829390731";"40874.1333333333"
"132";2;2;1;2;3;3;4;2;2;1;1;5;1;2;1;3;3;4;3;2;1;2;2;1;1;1;5;1;3;1;3;1;"3";"0.335748829390731";"40874.1333333333"
"133";2;2;1;3;3;1;5;3;2;1;2;5;1;2;2;3;2;4;3;2;2;;;;1;7;5;3;3;4;3;2;"3";"0.335748829390731";"40874.1333333333"
"134";2;2;1;2;2;2;2;2;2;1;1;5;2;2;2;3;3;5;1;2;1;1;2;1;1;3;6;2;3;1;4;1;"3";"0.335748829390731";"40874.1333333333"
"135";18;2;1;2;3;3;4;1;3;1;1;4;2;1;1;2;3;5;1;2;1;2;1;1;1;3;5;2;3;1;3;1;"3";"0.335748829390731";"40874.1333333333"
"136";18;2;1;3;2;3;4;4;2;1;1;5;1;2;2;3;3;5;1;2;1;1;2;1;1;5;5;2;3;3;3;1;"3";"0.335748829390731";"40874.1333333333"
"137";20;2;1;3;2;3;1;2;3;1;1;5;1;1;1;3;3;5;4;1;1;2;1;1;1;3;5;3;3;1;3;2;"3";"0.335748829390731";"40874.1333333333"
"138";10;2;1;2;1;1;1;4;97;3;3;3;97;2;2;97;97;97;4;2;1;1;2;97;1;3;5;2;3;1;3;1;"3";"0.335748829390731";"40874.1333333333"
"139";6;2;1;2;3;3;5;4;2;2;2;5;1;2;2;3;3;5;1;1;2;;;;1;7;5;2;3;4;3;1;"3";"0.335748829390731";"40874.1333333333"
"140";6;2;1;1;1;2;3;97;2;97;2;4;1;1;1;3;3;4;4;2;97;2;2;2;1;3;5;2;3;1;3;1;"3";"0.335748829390731";"40874.1333333333"
"141";10;2;1;3;3;3;4;1;97;1;1;5;2;2;1;3;3;5;1;2;2;;;;1;3;5;2;3;1;3;1;"3";"0.335748829390731";"40874.1333333333"
"142";6;2;1;3;3;3;97;4;97;97;97;5;2;2;2;3;3;5;1;2;97;2;97;2;1;7;5;2;3;4;3;1;"3";"0.335748829390731";"40874.1333333333"
"143";5;2;1;1;1;2;6;3;97;1;1;3;1;1;1;2;2;2;1;2;1;1;2;2;1;3;4;2;3;1;2;1;"3";"0.335748829390731";"40874.1333333333"
"144";5;2;1;1;2;1;6;4;1;97;1;3;1;2;1;3;2;3;6;2;1;2;2;2;1;1;4;2;2;1;2;1;"3";"0.335748829390731";"40874.1333333333"
"145";5;2;1;3;2;2;4;4;3;97;1;4;97;2;2;3;3;4;8;2;2;;;;1;3;5;2;2;1;3;1;"3";"0.335748829390731";"40874.1333333333"
"146";5;2;1;3;3;1;1;3;1;1;1;5;1;2;2;3;2;4;5;2;2;;;;1;5;5;1;3;3;3;1;"3";"0.335748829390731";"40874.1333333333"
"147";5;2;1;3;2;2;6;2;3;2;1;3;1;2;2;2;2;2;1;2;2;;;;1;5;5;1;3;3;3;1;"3";"0.335748829390731";"40874.1333333333"
"148";5;2;1;2;3;3;4;1;3;1;3;5;1;2;2;3;2;5;1;1;1;1;1;1;1;3;5;2;3;1;3;1;"3";"0.335748829390731";"40874.1333333333"
"149";5;2;1;3;3;2;1;4;1;97;1;5;2;1;2;3;3;5;1;2;2;;;;1;3;6;2;3;1;4;1;"3";"0.335748829390731";"40874.1333333333"
"150";10;2;1;1;2;1;3;4;1;1;2;5;1;1;1;3;3;5;1;2;2;;;;1;4;5;2;3;2;3;1;"3";"0.335748829390731";"40874.1333333333"
"151";5;2;1;3;3;1;6;2;2;97;3;5;97;2;2;3;1;5;6;2;1;2;2;1;1;7;5;2;2;4;3;1;"3";"0.335748829390731";"40874.1333333333"
"152";5;2;1;2;3;2;6;2;3;1;1;2;1;2;2;1;1;2;8;2;1;2;2;1;1;6;6;3;2;4;4;2;"3";"0.335748829390731";"40874.1333333333"
"153";5;2;1;3;3;1;1;4;97;1;1;3;1;97;97;2;1;3;1;2;97;2;2;2;1;5;4;2;3;3;2;1;"3";"0.335748829390731";"40874.1333333333"
"154";5;2;1;3;3;1;2;1;1;1;1;3;1;2;1;2;2;3;5;2;1;2;1;1;1;3;6;2;3;1;4;1;"3";"0.335748829390731";"40874.1333333333"
"155";10;2;1;1;2;1;1;4;3;2;1;3;1;2;1;2;2;3;1;2;1;1;2;2;1;4;2;2;3;2;1;1;"3";"0.335748829390731";"40874.1333333333"
"156";5;2;1;3;3;1;5;2;3;1;2;4;1;2;2;3;3;5;3;1;2;;;;1;7;5;2;3;4;3;1;"3";"0.335748829390731";"40874.1333333333"
"157";5;2;1;2;3;3;97;4;97;97;97;4;1;1;2;2;2;3;97;97;97;2;1;2;1;1;4;97;97;1;2;97;"3";"0.335748829390731";"40874.1333333333"
"158";5;2;1;3;3;1;3;2;2;1;1;5;2;2;2;3;3;5;6;2;2;;;;1;4;2;2;2;2;1;1;"3";"0.335748829390731";"40874.1333333333"
"159";5;2;1;3;3;1;4;1;3;1;2;5;1;2;1;3;3;5;1;1;1;1;2;1;1;5;5;2;3;3;3;1;"3";"0.335748829390731";"40874.1333333333"
"160";5;2;1;2;3;2;4;4;3;2;2;3;97;2;2;2;2;3;5;2;1;2;97;1;1;3;5;2;3;1;3;1;"3";"0.335748829390731";"40874.1333333333"
"161";5;2;1;3;3;3;5;2;2;1;3;3;1;2;2;2;2;5;5;2;1;2;1;1;1;5;6;2;3;3;4;1;"3";"0.335748829390731";"40874.1333333333"
"162";5;2;1;2;3;1;6;2;3;1;2;3;1;2;1;2;2;3;5;2;1;2;2;2;1;2;4;1;3;1;2;1;"3";"0.335748829390731";"40874.1333333333"
"163";17;2;1;3;3;3;4;2;3;2;3;5;2;2;2;3;3;5;1;2;1;1;1;1;1;3;5;2;3;1;3;1;"3";"0.335748829390731";"40874.1333333333"
"164";17;2;1;3;3;3;6;2;1;2;2;5;1;2;2;2;2;3;8;2;2;;;;1;6;3;2;2;4;2;1;"3";"0.335748829390731";"40874.1333333333"
"165";17;2;1;2;2;3;4;4;2;97;3;5;1;2;1;2;2;5;11;2;2;;;;1;5;1;2;1;3;1;1;"3";"0.335748829390731";"40874.1333333333"
"166";17;2;1;2;2;2;5;2;3;1;2;3;1;2;2;2;2;3;1;2;1;1;2;1;1;5;5;2;3;3;3;1;"3";"0.335748829390731";"40874.1333333333"
"167";17;2;1;2;2;2;5;1;3;1;1;2;1;1;1;1;1;1;11;2;1;1;2;2;1;7;3;2;1;4;2;1;"3";"0.335748829390731";"40874.1333333333"
"168";17;2;1;3;3;2;6;2;1;1;3;5;1;2;2;2;3;4;1;2;2;;;;1;5;5;2;3;3;3;1;"3";"0.335748829390731";"40874.1333333333"
"169";17;2;1;2;3;3;4;3;97;1;1;5;1;2;2;3;2;5;1;2;1;2;1;1;1;6;6;3;3;4;4;2;"3";"0.335748829390731";"40874.1333333333"
"170";17;2;1;3;3;2;1;2;97;1;1;5;1;2;2;3;3;5;1;97;1;1;1;2;1;3;6;1;3;1;4;1;"3";"0.335748829390731";"40874.1333333333"
"171";17;2;1;97;3;97;1;4;2;1;1;4;1;2;2;3;2;4;1;2;2;;;;1;5;5;1;3;3;3;1;"3";"0.335748829390731";"40874.1333333333"
"172";17;2;1;2;2;1;4;1;3;1;2;5;1;2;2;3;3;5;1;2;1;2;2;2;1;1;5;2;3;1;3;1;"3";"0.335748829390731";"40874.1333333333"
"173";17;2;1;3;3;1;5;3;2;1;1;5;1;2;2;3;3;4;6;2;2;;;;1;4;5;2;2;2;3;1;"3";"0.335748829390731";"40874.1333333333"
"174";17;2;1;3;3;2;5;2;1;2;1;3;1;2;2;3;2;3;6;1;1;1;2;2;1;6;5;1;2;4;3;1;"3";"0.335748829390731";"40874.1333333333"
"175";6;2;1;2;3;2;6;1;97;1;1;5;1;2;1;2;3;3;1;2;1;1;2;2;1;5;5;2;3;3;3;1;"3";"0.335748829390731";"40874.1333333333"
"176";6;2;1;1;3;3;3;2;97;1;1;5;2;2;2;3;3;5;3;2;1;2;2;1;1;4;6;2;3;2;4;1;"3";"0.335748829390731";"40874.1333333333"
"177";6;2;1;2;3;1;1;2;1;1;1;3;1;2;1;2;2;3;3;2;1;2;1;2;1;3;4;2;3;1;2;1;"3";"0.335748829390731";"40874.1333333333"
"178";6;2;1;2;3;1;4;4;3;1;1;5;1;2;2;3;2;3;6;1;2;;;;1;5;5;2;2;3;3;1;"3";"0.335748829390731";"40874.1333333333"
"179";6;2;1;3;2;3;4;3;1;1;1;4;1;2;1;2;2;4;6;97;2;;;;1;5;5;2;2;3;3;1;"3";"0.335748829390731";"40874.1333333333"
"180";6;2;1;2;3;3;97;2;97;1;97;4;1;2;2;2;3;3;97;2;1;1;97;2;1;4;6;1;97;2;4;1;"3";"0.335748829390731";"40874.1333333333"
"181";6;2;1;2;2;3;2;2;3;1;3;5;1;2;2;3;3;5;1;2;2;;;;1;4;5;2;3;2;3;1;"3";"0.335748829390731";"40874.1333333333"
"182";26;2;1;2;2;2;4;4;3;1;2;4;1;2;2;3;2;4;2;2;1;1;2;1;1;6;5;2;3;4;3;1;"3";"0.335748829390731";"40874.1333333333"
"183";10;2;1;2;1;2;5;4;3;2;2;5;1;2;2;2;2;3;7;2;1;1;2;2;1;3;6;2;2;1;4;1;"3";"0.335748829390731";"40874.1333333333"
"184";15;2;1;1;3;3;2;4;1;1;1;5;1;2;2;2;2;5;11;2;2;;;;1;4;4;2;1;2;2;1;"3";"0.335748829390731";"40874.1333333333"
"185";20;2;1;3;3;1;6;4;97;1;3;5;1;2;2;3;3;5;1;2;1;1;2;2;1;7;5;4;3;4;3;3;"3";"0.335748829390731";"40874.1333333333"
"186";18;2;1;2;2;3;5;4;1;2;1;4;2;2;2;3;2;3;7;2;1;2;1;2;1;4;5;2;2;2;3;1;"3";"0.335748829390731";"40874.1333333333"
"187";18;2;1;2;2;1;1;2;3;2;1;3;1;2;2;2;1;3;1;2;1;2;2;1;1;3;5;2;3;1;3;1;"3";"0.335748829390731";"40874.1333333333"
"188";18;2;2;3;3;3;5;2;97;1;2;5;1;2;1;2;2;5;6;2;2;;;;1;7;7;3;2;4;4;2;"1";"0.0480675197774765";"5851.75"
"189";17;2;2;3;3;3;5;4;97;2;3;5;2;2;2;3;3;5;1;1;1;1;2;2;1;5;7;2;3;3;4;1;"1";"0.0480675197774765";"5851.75"
"190";10;2;2;3;3;1;6;2;2;1;1;5;1;2;1;3;3;5;1;2;1;1;2;2;1;4;7;3;3;2;4;2;"1";"0.0480675197774765";"5851.75"
"191";10;2;2;3;3;1;4;2;3;1;1;3;1;2;1;2;2;2;8;2;1;1;97;1;1;5;7;2;2;3;4;1;"1";"0.0480675197774765";"5851.75"
"192";20;2;2;2;2;1;5;4;97;1;2;5;1;2;2;3;3;5;1;2;1;1;1;1;1;4;7;3;3;2;4;2;"2";"2.01620112189704";"245452.75"
"193";17;2;2;3;3;3;4;2;97;1;1;5;1;1;2;3;3;4;1;2;1;2;1;1;1;4;7;2;3;2;4;1;"2";"2.01620112189704";"245452.75"
"194";15;2;2;3;3;1;97;3;2;1;1;3;1;2;1;2;2;3;11;1;1;2;2;1;1;6;7;2;1;4;4;1;"2";"2.01620112189704";"245452.75"
"195";10;2;2;3;2;3;4;1;1;1;1;4;1;2;2;3;3;5;5;2;2;;;;1;5;7;3;3;3;4;2;"2";"2.01620112189704";"245452.75"
"196";6;2;1;2;2;2;1;2;1;1;2;5;1;1;1;2;2;3;5;2;1;2;2;1;1;4;7;97;3;2;4;97;"3";"0.142148964222109";"17305.2448979592"
"197";10;2;1;2;3;3;3;1;3;1;1;4;1;2;2;3;3;4;1;2;1;2;2;2;1;4;7;5;3;2;4;3;"3";"0.142148964222109";"17305.2448979592"
"198";10;2;1;3;3;3;6;2;3;1;2;5;1;2;1;3;3;5;1;2;2;;;;1;5;7;2;3;3;4;1;"3";"0.142148964222109";"17305.2448979592"
"199";15;2;1;2;3;1;5;3;97;1;1;5;1;2;97;2;2;3;7;2;1;97;2;1;1;6;7;2;2;4;4;1;"3";"0.142148964222109";"17305.2448979592"
"200";15;2;1;3;3;2;4;1;3;1;97;5;1;1;1;3;3;4;4;2;1;2;1;2;1;4;7;97;3;2;4;97;"3";"0.142148964222109";"17305.2448979592"
"201";15;2;1;3;3;1;5;1;1;1;1;1;1;2;1;2;3;3;6;2;1;1;2;1;1;3;7;2;2;1;4;1;"3";"0.142148964222109";"17305.2448979592"
"202";2;2;1;2;3;1;4;2;1;1;1;5;1;1;1;3;3;5;1;2;1;1;1;1;1;3;7;3;3;1;4;2;"3";"0.142148964222109";"17305.2448979592"
"203";2;2;1;3;3;3;4;1;97;1;1;5;1;1;1;3;3;5;1;2;1;2;2;1;1;3;7;2;3;1;4;1;"3";"0.142148964222109";"17305.2448979592"
"204";2;2;1;3;3;3;2;1;3;1;3;3;1;2;2;3;3;3;5;2;2;;;;1;6;7;3;3;4;4;2;"3";"0.142148964222109";"17305.2448979592"
"205";18;2;1;2;3;3;4;1;3;1;2;5;1;2;2;3;3;4;1;2;1;2;2;2;1;4;7;3;3;2;4;2;"3";"0.142148964222109";"17305.2448979592"
"206";20;2;1;3;3;2;4;1;2;1;1;5;1;2;2;3;2;5;8;1;1;2;2;1;1;4;7;2;2;2;4;1;"3";"0.142148964222109";"17305.2448979592"
"207";20;2;1;3;3;2;2;4;1;1;1;5;1;2;2;2;2;3;2;2;1;1;1;1;1;5;7;3;3;3;4;2;"3";"0.142148964222109";"17305.2448979592"
"208";10;2;1;2;3;97;5;4;97;97;97;5;2;2;2;3;3;97;97;2;2;;;;1;6;7;97;97;4;4;97;"3";"0.142148964222109";"17305.2448979592"
"209";6;2;1;2;3;2;3;2;3;1;2;4;1;2;2;2;3;3;3;2;1;2;2;2;1;4;7;2;3;2;4;1;"3";"0.142148964222109";"17305.2448979592"
"210";5;2;1;3;3;2;6;2;2;1;2;3;1;2;2;3;3;4;3;1;2;;;;1;3;7;2;3;1;4;1;"3";"0.142148964222109";"17305.2448979592"
"211";10;2;1;3;3;3;5;2;1;1;1;5;1;2;1;3;2;3;1;2;1;2;1;1;1;6;7;2;3;4;4;1;"3";"0.142148964222109";"17305.2448979592"
"212";6;2;1;3;2;2;5;2;3;1;1;5;1;2;2;2;3;4;4;2;1;2;2;1;1;4;7;2;3;2;4;1;"3";"0.142148964222109";"17305.2448979592"
"213";5;2;1;3;3;3;4;1;3;3;3;5;1;2;2;3;3;5;1;2;1;2;1;2;1;6;7;3;3;4;4;2;"3";"0.142148964222109";"17305.2448979592"
"214";5;2;1;3;3;3;4;1;3;1;1;5;1;2;2;3;3;5;1;1;1;1;1;1;1;5;7;2;3;3;4;1;"3";"0.142148964222109";"17305.2448979592"
"215";5;2;1;2;2;1;5;2;3;2;1;3;2;2;1;1;2;3;6;2;2;;;;1;4;7;2;2;2;4;1;"3";"0.142148964222109";"17305.2448979592"
"216";5;2;1;3;3;3;4;2;3;1;1;5;1;1;1;2;1;3;4;1;2;;;;1;4;7;4;3;2;4;3;"3";"0.142148964222109";"17305.2448979592"
"217";5;2;1;97;3;97;1;1;97;1;2;4;1;1;2;3;3;4;7;1;97;2;97;1;1;3;7;1;2;1;4;1;"3";"0.142148964222109";"17305.2448979592"
"218";5;2;1;3;2;3;4;3;97;1;2;5;1;2;1;3;3;4;2;2;1;2;1;2;1;4;7;97;3;2;4;97;"3";"0.142148964222109";"17305.2448979592"
"219";5;2;1;1;1;2;4;2;3;1;3;5;1;2;2;3;3;5;1;1;1;1;2;2;1;3;7;3;3;1;4;2;"3";"0.142148964222109";"17305.2448979592"
"220";5;2;1;3;3;2;1;1;3;1;1;5;1;1;2;3;3;4;2;2;1;2;1;2;1;5;7;1;3;3;4;1;"3";"0.142148964222109";"17305.2448979592"
"221";5;2;1;3;3;3;4;2;3;1;1;5;1;1;2;3;3;5;1;2;97;97;97;2;1;6;7;4;3;4;4;3;"3";"0.142148964222109";"17305.2448979592"
"222";5;2;1;1;2;97;4;1;97;1;1;3;1;2;2;2;2;3;7;2;1;2;1;2;1;5;7;3;2;3;4;2;"3";"0.142148964222109";"17305.2448979592"
"223";5;2;1;3;3;2;2;1;2;2;2;5;1;2;2;3;3;4;1;2;1;1;1;1;1;5;7;4;3;3;4;3;"3";"0.142148964222109";"17305.2448979592"
"224";5;2;1;3;3;2;1;2;3;1;1;5;1;2;1;3;3;4;4;2;1;2;1;1;1;7;7;3;3;4;4;2;"3";"0.142148964222109";"17305.2448979592"
"225";5;2;1;3;3;3;4;2;3;1;3;5;1;2;2;2;2;4;1;2;1;2;1;2;1;7;7;3;3;4;4;2;"3";"0.142148964222109";"17305.2448979592"
"226";17;2;1;1;1;2;4;1;1;1;1;4;1;2;2;3;3;4;2;1;1;1;1;2;1;4;7;2;3;2;4;1;"3";"0.142148964222109";"17305.2448979592"
"227";17;2;1;3;3;3;5;1;1;1;3;5;1;1;1;3;3;5;1;2;1;2;2;1;1;4;7;4;3;2;4;3;"3";"0.142148964222109";"17305.2448979592"
"228";17;2;1;3;3;3;4;1;3;1;1;5;1;2;1;2;2;4;4;1;1;2;2;1;1;5;7;97;3;3;4;97;"3";"0.142148964222109";"17305.2448979592"
"229";17;2;1;1;2;3;6;2;2;1;1;4;1;2;1;2;2;3;6;1;1;2;1;2;1;5;7;4;2;3;4;3;"3";"0.142148964222109";"17305.2448979592"
"230";17;2;1;2;2;1;5;2;3;1;1;3;2;2;1;2;2;3;5;1;1;2;1;1;1;3;7;2;3;1;4;1;"3";"0.142148964222109";"17305.2448979592"
"231";17;2;1;3;3;2;2;2;3;1;3;4;1;2;2;2;2;4;4;1;1;2;2;1;1;4;7;3;3;2;4;2;"3";"0.142148964222109";"17305.2448979592"
"232";17;2;1;3;3;2;3;2;1;1;1;4;1;1;2;3;3;4;1;2;1;2;2;1;1;3;7;2;3;1;4;1;"3";"0.142148964222109";"17305.2448979592"
"233";17;2;1;2;3;2;2;2;1;1;3;5;1;2;2;3;3;5;1;2;2;;;;1;4;7;4;3;2;4;3;"3";"0.142148964222109";"17305.2448979592"
"234";17;2;1;3;3;2;4;4;3;1;3;5;2;2;1;3;3;5;1;2;1;1;1;1;1;4;7;2;3;2;4;1;"3";"0.142148964222109";"17305.2448979592"
"235";6;2;1;2;3;1;2;2;2;1;1;3;1;1;1;2;2;3;6;2;1;1;1;1;1;3;7;2;2;1;4;1;"3";"0.142148964222109";"17305.2448979592"
"236";6;2;1;3;3;3;4;1;97;1;3;5;1;1;2;97;3;5;1;2;1;1;2;1;1;5;7;97;3;3;4;97;"3";"0.142148964222109";"17305.2448979592"
"237";6;2;1;2;1;3;3;1;2;1;1;5;1;2;2;3;2;5;6;1;1;2;2;1;1;5;7;97;2;3;4;97;"3";"0.142148964222109";"17305.2448979592"
"238";26;2;1;2;3;2;5;2;3;1;1;4;1;1;2;3;3;4;1;1;1;1;1;1;1;7;7;4;3;4;4;3;"3";"0.142148964222109";"17305.2448979592"
"239";26;2;1;3;3;2;1;2;1;1;3;5;1;2;1;3;3;5;1;2;1;1;2;2;1;3;7;2;3;1;4;1;"3";"0.142148964222109";"17305.2448979592"
"240";26;2;1;3;3;3;4;1;3;1;1;5;1;2;2;3;3;5;1;2;1;2;1;2;1;6;7;97;3;4;4;97;"3";"0.142148964222109";"17305.2448979592"
"241";10;2;1;3;3;1;97;4;97;1;1;5;2;2;2;3;3;4;2;2;1;1;1;1;1;5;7;2;3;3;4;1;"3";"0.142148964222109";"17305.2448979592"
"242";15;2;1;2;3;2;6;3;3;1;2;3;1;2;2;2;2;3;6;1;1;1;2;1;1;6;7;1;2;4;4;1;"3";"0.142148964222109";"17305.2448979592"
"243";15;2;1;3;3;2;4;4;3;1;1;5;1;1;2;3;2;3;4;1;1;1;2;1;1;5;7;3;3;3;4;2;"3";"0.142148964222109";"17305.2448979592"
"244";20;2;1;3;1;2;4;3;1;1;1;5;1;2;2;3;3;5;1;2;1;1;2;2;1;4;7;97;3;2;4;97;"3";"0.142148964222109";"17305.2448979592"
"245";2;2;2;3;3;2;5;4;97;1;3;5;1;2;2;3;2;3;6;2;1;2;97;1;2;7;2;2;2;4;1;1;"1";"0.461834727249164";"56223.8571428571"
"246";2;2;2;3;3;3;4;4;2;1;3;5;1;2;2;3;3;5;1;1;2;;;;2;4;2;2;3;2;1;1;"1";"0.461834727249164";"56223.8571428571"
"247";10;2;2;3;3;3;3;97;1;97;3;4;2;2;2;3;3;5;97;2;97;97;2;97;2;7;3;2;97;4;2;1;"1";"0.461834727249164";"56223.8571428571"
"248";10;2;2;3;3;1;5;2;1;1;1;5;1;2;1;3;3;5;11;1;1;2;2;1;2;4;3;2;1;2;2;1;"1";"0.461834727249164";"56223.8571428571"
"249";10;2;2;2;2;1;6;3;2;1;1;3;1;2;2;2;2;3;6;1;1;2;2;1;2;5;5;2;2;3;3;1;"1";"0.461834727249164";"56223.8571428571"
"250";15;2;2;3;3;3;5;4;97;97;3;5;1;2;2;3;3;5;1;2;1;2;2;2;2;1;5;1;3;1;3;1;"1";"0.461834727249164";"56223.8571428571"
"251";26;2;2;1;97;1;5;4;2;3;3;5;1;2;2;3;2;5;1;2;2;;;;2;3;5;2;3;1;3;1;"1";"0.461834727249164";"56223.8571428571"
"252";17;2;2;3;2;3;6;3;97;2;3;5;1;2;2;3;3;5;1;2;1;2;1;1;2;7;2;2;3;4;1;1;"2";"5.29441239713448";"644542.882352941"
"253";17;2;2;2;2;97;6;2;3;1;1;5;1;2;1;3;3;5;1;2;1;2;2;1;2;3;6;2;3;1;4;1;"2";"5.29441239713448";"644542.882352941"
"254";26;2;2;3;2;3;4;3;97;1;1;4;1;1;2;3;3;4;1;2;1;2;2;2;2;6;5;3;3;4;3;2;"2";"5.29441239713448";"644542.882352941"
"255";26;2;2;3;3;2;1;1;3;1;2;5;1;1;2;3;2;4;4;1;1;2;2;1;2;3;5;1;3;1;3;1;"2";"5.29441239713448";"644542.882352941"
"256";17;2;2;1;1;1;4;4;2;2;1;5;1;2;1;3;1;3;9;2;1;2;2;2;2;4;3;2;1;2;2;1;"2";"5.29441239713448";"644542.882352941"
"257";17;2;2;3;3;1;3;3;2;1;1;2;2;2;1;2;3;1;6;2;1;2;1;1;2;3;2;2;2;1;1;1;"2";"5.29441239713448";"644542.882352941"
"258";15;2;2;3;3;2;4;3;3;1;97;5;1;1;97;3;3;4;3;2;1;2;97;2;2;6;5;2;3;4;3;1;"2";"5.29441239713448";"644542.882352941"
"259";18;2;2;3;2;1;5;4;3;1;1;3;1;2;1;2;2;3;5;2;1;1;2;1;2;5;3;2;3;3;2;1;"2";"5.29441239713448";"644542.882352941"
"260";20;2;2;2;3;1;5;4;2;1;3;4;1;2;2;2;2;3;1;1;2;;;;2;4;1;2;3;2;1;1;"2";"5.29441239713448";"644542.882352941"
"261";15;2;2;2;2;1;6;3;2;97;1;3;1;2;1;2;2;4;1;2;2;;;;2;4;6;3;3;2;4;2;"2";"5.29441239713448";"644542.882352941"
"262";20;2;2;1;1;1;5;4;2;97;3;4;1;2;2;3;3;5;11;2;1;2;2;2;2;3;5;3;1;1;3;2;"2";"5.29441239713448";"644542.882352941"
"263";6;2;2;1;1;1;5;2;1;97;1;5;2;2;1;2;2;3;2;2;1;2;2;1;2;4;2;97;3;2;1;97;"2";"5.29441239713448";"644542.882352941"
"264";6;2;2;3;3;3;1;4;3;1;2;3;2;1;1;3;3;5;3;2;2;;;;2;3;2;1;3;1;1;1;"2";"5.29441239713448";"644542.882352941"
"265";10;2;2;3;2;3;5;4;3;2;3;5;1;2;2;3;3;5;1;2;2;;;;2;7;4;2;3;4;2;1;"2";"5.29441239713448";"644542.882352941"
"266";5;2;2;2;3;2;5;2;1;2;1;2;1;2;2;1;2;2;6;2;1;2;2;1;2;1;4;2;2;1;2;1;"2";"5.29441239713448";"644542.882352941"
"267";5;2;2;3;3;3;4;3;2;2;3;5;1;2;2;3;3;5;1;2;1;1;2;1;2;6;6;2;3;4;4;1;"2";"5.29441239713448";"644542.882352941"
"268";5;2;2;2;3;1;6;4;2;1;3;3;1;2;2;1;2;3;11;2;2;;;;2;4;5;2;1;2;3;1;"2";"5.29441239713448";"644542.882352941"
"269";26;2;1;2;2;3;4;1;97;1;97;5;1;2;2;3;3;5;1;2;1;2;1;1;2;5;5;4;3;3;3;3;"3";"0.251080024915032";"30566.5352112676"
"270";17;2;1;2;2;2;6;3;3;1;3;4;1;2;2;3;3;4;5;2;1;1;2;1;2;4;5;3;3;2;3;2;"3";"0.251080024915032";"30566.5352112676"
"271";6;2;1;3;3;1;4;4;1;1;3;3;1;2;1;2;3;5;1;2;1;1;2;1;2;2;5;1;3;1;3;1;"3";"0.251080024915032";"30566.5352112676"
"272";6;2;1;2;3;2;4;2;2;2;1;5;1;2;2;3;2;3;1;2;1;2;2;2;2;3;6;2;3;1;4;1;"3";"0.251080024915032";"30566.5352112676"
"273";10;2;1;1;1;3;1;3;1;1;1;5;2;2;2;3;3;5;11;2;1;1;2;1;2;5;2;97;1;3;1;97;"3";"0.251080024915032";"30566.5352112676"
"274";5;2;1;1;1;2;6;3;3;2;2;2;1;2;2;2;3;3;5;2;1;1;1;1;2;2;4;2;3;1;2;1;"3";"0.251080024915032";"30566.5352112676"
"275";5;2;1;1;2;97;4;2;1;1;1;5;1;2;2;3;2;5;1;1;1;2;2;1;2;3;5;2;3;1;3;1;"3";"0.251080024915032";"30566.5352112676"
"276";20;2;1;2;3;3;1;1;3;1;1;5;1;2;1;3;3;5;1;2;1;2;1;1;2;3;5;3;3;1;3;2;"3";"0.251080024915032";"30566.5352112676"
"277";15;2;1;2;3;3;2;1;2;2;1;4;1;2;2;2;3;3;7;2;1;2;1;2;2;1;4;1;2;1;2;1;"3";"0.251080024915032";"30566.5352112676"
"278";15;2;1;2;2;2;4;1;3;1;3;5;1;2;2;2;3;3;1;2;1;2;1;1;2;4;6;2;3;2;4;1;"3";"0.251080024915032";"30566.5352112676"
"279";15;2;1;2;3;3;6;2;3;1;2;4;1;2;2;3;3;4;3;1;1;2;1;1;2;2;6;1;3;1;4;1;"3";"0.251080024915032";"30566.5352112676"
"280";2;2;1;3;3;3;6;4;2;2;1;5;1;2;2;3;3;5;1;2;1;1;1;1;2;7;5;3;3;4;3;2;"3";"0.251080024915032";"30566.5352112676"
"281";2;2;1;3;3;3;5;4;2;2;3;5;1;2;2;3;3;5;1;2;1;97;2;97;2;7;5;3;3;4;3;2;"3";"0.251080024915032";"30566.5352112676"
"282";2;2;1;3;3;2;1;4;97;1;3;5;1;2;2;3;3;5;1;2;1;1;2;2;2;4;5;2;3;2;3;1;"3";"0.251080024915032";"30566.5352112676"
"283";18;2;1;2;3;1;4;1;3;1;1;5;1;2;2;3;3;5;3;2;1;2;1;1;2;6;6;4;3;4;4;3;"3";"0.251080024915032";"30566.5352112676"
"284";18;2;1;1;1;2;6;1;1;2;1;3;2;2;2;1;3;3;8;2;1;1;2;2;2;3;6;2;2;1;4;1;"3";"0.251080024915032";"30566.5352112676"
"285";18;2;1;2;3;3;1;2;2;3;1;3;1;1;1;3;2;3;1;2;1;2;2;1;2;1;4;1;3;1;2;1;"3";"0.251080024915032";"30566.5352112676"
"286";18;2;1;3;2;3;4;1;3;1;3;5;1;2;2;3;3;5;1;2;1;2;1;1;2;4;5;3;3;2;3;2;"3";"0.251080024915032";"30566.5352112676"
"287";20;2;1;3;3;3;4;4;1;1;1;5;1;2;2;3;3;5;1;2;2;;;;2;5;2;2;3;3;1;1;"3";"0.251080024915032";"30566.5352112676"
"288";20;2;1;2;3;1;1;3;3;1;1;2;1;2;1;2;1;2;6;1;1;1;2;1;2;4;5;1;2;2;3;1;"3";"0.251080024915032";"30566.5352112676"
"289";20;2;1;2;1;2;6;4;2;2;1;3;1;2;2;2;3;3;5;2;2;;;;2;3;5;2;3;1;3;1;"3";"0.251080024915032";"30566.5352112676"
"290";10;2;1;1;2;1;1;3;3;1;1;5;1;2;1;3;3;5;1;2;1;2;1;2;2;4;5;3;3;2;3;2;"3";"0.251080024915032";"30566.5352112676"
"291";6;2;1;1;1;3;6;2;3;1;1;3;1;2;1;3;2;2;8;1;1;2;1;1;2;4;5;3;2;2;3;2;"3";"0.251080024915032";"30566.5352112676"
"292";10;2;1;2;2;1;2;2;3;1;1;3;1;2;1;2;2;3;9;2;1;2;1;1;2;3;5;2;1;1;3;1;"3";"0.251080024915032";"30566.5352112676"
"293";6;2;1;3;3;2;6;2;2;1;1;4;1;2;1;1;3;4;6;2;1;2;1;2;2;3;5;2;2;1;3;1;"3";"0.251080024915032";"30566.5352112676"
"294";6;2;1;3;3;3;2;3;1;2;2;4;2;2;2;2;3;4;6;2;1;1;2;2;2;3;5;2;2;1;3;1;"3";"0.251080024915032";"30566.5352112676"
"295";10;2;1;3;3;2;1;2;1;1;2;5;1;2;1;3;2;5;1;1;1;2;2;1;2;4;5;1;3;2;3;1;"3";"0.251080024915032";"30566.5352112676"
"296";5;2;1;3;3;3;4;4;3;1;3;5;2;2;2;3;3;2;1;2;1;2;1;2;2;6;5;2;3;4;3;1;"3";"0.251080024915032";"30566.5352112676"
"297";10;2;1;2;3;2;4;2;3;1;1;4;1;2;1;3;2;4;4;2;1;2;1;2;2;4;5;2;3;2;3;1;"3";"0.251080024915032";"30566.5352112676"
"298";5;2;1;1;2;1;2;3;3;1;2;3;1;2;1;2;2;3;6;2;1;2;2;1;2;1;4;97;2;1;2;97;"3";"0.251080024915032";"30566.5352112676"
"299";5;2;1;3;3;2;4;1;3;1;1;4;1;2;2;3;3;4;1;2;1;2;1;1;2;4;6;3;3;2;4;2;"3";"0.251080024915032";"30566.5352112676"
"300";5;2;1;3;2;3;2;1;1;1;1;5;2;2;1;3;2;4;2;1;1;2;2;2;2;4;5;2;3;2;3;1;"3";"0.251080024915032";"30566.5352112676"
"301";5;2;1;1;1;2;4;2;3;1;1;3;1;2;2;3;3;5;2;1;1;2;1;2;2;4;6;3;3;2;4;2;"3";"0.251080024915032";"30566.5352112676"
"302";5;2;1;2;2;2;5;2;1;1;1;4;1;2;1;2;2;3;4;1;1;1;2;1;2;3;5;2;3;1;3;1;"3";"0.251080024915032";"30566.5352112676"
"303";5;2;1;2;2;2;5;3;3;1;1;5;1;2;2;1;2;3;6;2;1;1;2;1;2;6;5;3;2;4;3;2;"3";"0.251080024915032";"30566.5352112676"
"304";5;2;1;3;3;3;2;2;1;1;1;4;1;2;1;3;2;3;1;2;2;;;;2;3;6;3;3;1;4;2;"3";"0.251080024915032";"30566.5352112676"
"305";5;2;1;2;2;1;5;2;2;1;1;3;1;1;2;2;2;3;8;2;1;2;1;1;2;6;5;2;2;4;3;1;"3";"0.251080024915032";"30566.5352112676"
"306";5;2;1;3;3;3;4;2;3;1;1;3;1;1;2;2;2;2;3;2;97;2;2;1;2;6;5;97;3;4;3;97;"3";"0.251080024915032";"30566.5352112676"
"307";5;2;1;3;3;3;5;2;3;1;2;4;1;1;1;2;2;3;6;1;1;1;2;2;2;4;5;2;2;2;3;1;"3";"0.251080024915032";"30566.5352112676"
"308";5;2;1;3;3;3;6;4;1;97;3;5;1;2;2;3;3;5;1;2;1;2;2;1;2;5;5;1;3;3;3;1;"3";"0.251080024915032";"30566.5352112676"
"309";5;2;1;3;3;2;4;3;1;1;3;5;1;2;2;3;3;5;3;2;1;1;2;1;2;5;5;3;3;3;3;2;"3";"0.251080024915032";"30566.5352112676"
"310";5;2;1;2;2;1;5;2;3;1;3;4;2;2;2;2;2;4;1;2;1;2;2;2;2;3;5;2;3;1;3;1;"3";"0.251080024915032";"30566.5352112676"
"311";17;2;1;1;1;2;4;2;3;1;1;3;1;1;2;2;2;3;7;1;1;2;1;2;2;3;6;3;2;1;4;2;"3";"0.251080024915032";"30566.5352112676"
"312";10;2;1;3;3;1;1;2;97;1;3;3;1;2;2;2;3;5;3;2;1;1;2;1;2;1;4;2;3;1;2;1;"3";"0.251080024915032";"30566.5352112676"
"313";17;2;1;3;3;3;4;4;1;1;1;3;1;2;2;2;3;3;6;2;2;;;;2;2;5;2;2;1;3;1;"3";"0.251080024915032";"30566.5352112676"
"314";17;2;1;2;2;2;4;3;3;1;3;5;1;2;1;3;3;5;2;1;1;1;2;2;2;6;5;3;3;4;3;2;"3";"0.251080024915032";"30566.5352112676"
"315";17;2;1;2;3;3;3;3;97;3;2;5;1;2;2;3;3;5;3;2;2;;;;2;5;4;2;3;3;2;1;"3";"0.251080024915032";"30566.5352112676"
"316";17;2;1;3;3;2;4;1;3;2;2;4;1;2;2;3;2;4;1;2;2;;;;2;5;5;2;3;3;3;1;"3";"0.251080024915032";"30566.5352112676"
"317";17;2;1;1;1;1;1;2;1;1;1;4;1;2;2;3;3;5;1;1;1;1;2;2;2;3;6;97;3;1;4;97;"3";"0.251080024915032";"30566.5352112676"
"318";6;2;1;2;2;1;97;2;2;1;2;3;1;2;1;1;1;1;11;2;1;2;2;97;2;7;2;3;1;4;1;2;"3";"0.251080024915032";"30566.5352112676"
"319";6;2;1;2;2;1;4;2;2;3;2;4;1;2;2;3;3;2;6;2;2;;;;2;5;5;3;2;3;3;2;"3";"0.251080024915032";"30566.5352112676"
"320";6;2;1;3;3;1;3;2;97;1;1;3;1;1;2;2;1;3;1;1;1;97;2;1;2;4;6;97;3;2;4;97;"3";"0.251080024915032";"30566.5352112676"
"321";6;2;1;2;2;1;6;4;3;1;3;3;1;2;1;3;2;5;1;2;1;1;2;2;2;3;5;3;3;1;3;2;"3";"0.251080024915032";"30566.5352112676"
"322";6;2;1;1;1;1;4;2;2;3;1;4;1;1;2;2;1;2;7;2;1;1;1;2;2;5;2;2;2;3;1;1;"3";"0.251080024915032";"30566.5352112676"
"323";6;2;1;3;3;3;3;1;3;1;3;5;1;2;2;3;3;5;1;1;1;2;2;1;2;4;5;2;3;2;3;1;"3";"0.251080024915032";"30566.5352112676"
"324";6;2;1;2;3;1;4;2;2;1;1;5;2;2;1;3;2;3;6;2;1;1;2;2;2;4;5;2;2;2;3;1;"3";"0.251080024915032";"30566.5352112676"
"325";26;2;1;2;3;3;6;4;1;1;1;5;1;2;2;3;3;5;1;1;1;2;2;1;2;5;5;2;3;3;3;1;"3";"0.251080024915032";"30566.5352112676"
"326";26;2;1;2;3;1;6;3;3;1;1;3;1;2;97;3;3;3;3;2;1;2;1;2;2;7;6;5;3;4;4;3;"3";"0.251080024915032";"30566.5352112676"
"327";26;2;1;1;3;1;1;4;2;1;1;3;1;1;2;3;2;3;5;2;1;2;2;2;2;3;5;2;3;1;3;1;"3";"0.251080024915032";"30566.5352112676"
"328";26;2;1;3;3;3;4;3;97;1;1;5;97;2;1;3;3;5;1;2;1;2;1;1;2;3;5;2;3;1;3;1;"3";"0.251080024915032";"30566.5352112676"
"329";10;2;1;1;1;1;2;1;3;1;1;3;1;2;1;2;3;3;8;1;1;1;2;1;2;1;4;2;2;1;2;1;"3";"0.251080024915032";"30566.5352112676"
"330";10;2;1;1;1;2;6;3;3;2;1;4;1;2;1;3;2;2;9;2;1;1;2;2;2;3;5;2;1;1;3;1;"3";"0.251080024915032";"30566.5352112676"
"331";10;2;1;3;3;1;1;2;3;1;2;4;1;2;2;3;3;3;4;2;1;2;2;1;2;5;5;1;3;3;3;1;"3";"0.251080024915032";"30566.5352112676"
"332";15;2;1;2;3;2;4;4;2;3;3;5;1;2;1;3;3;5;3;1;1;1;2;2;2;4;5;2;3;2;3;1;"3";"0.251080024915032";"30566.5352112676"
"333";15;2;1;3;3;3;6;2;3;1;2;5;1;2;2;3;3;5;1;2;1;2;2;1;2;5;5;3;3;3;3;2;"3";"0.251080024915032";"30566.5352112676"
"334";15;2;1;2;3;1;1;1;3;1;1;3;1;2;2;3;2;3;10;2;2;;;;2;4;4;2;1;2;2;1;"3";"0.251080024915032";"30566.5352112676"
"335";15;2;1;3;3;2;3;2;1;1;2;5;1;2;2;3;3;3;4;2;1;2;2;1;2;3;5;2;3;1;3;1;"3";"0.251080024915032";"30566.5352112676"
"336";18;2;1;1;1;2;3;2;2;1;1;2;1;2;2;2;2;3;6;2;2;;;;2;3;5;2;2;1;3;1;"3";"0.251080024915032";"30566.5352112676"
"337";20;2;1;1;2;2;2;1;1;1;1;3;2;1;1;1;2;3;1;1;1;2;2;2;2;1;4;1;3;1;2;1;"3";"0.251080024915032";"30566.5352112676"
"338";20;2;1;2;3;1;5;2;3;1;2;3;2;2;1;2;2;3;1;2;1;1;2;1;2;3;5;2;3;1;3;1;"3";"0.251080024915032";"30566.5352112676"
"339";20;2;1;2;1;1;6;2;3;2;3;4;2;2;1;3;3;4;3;2;1;2;1;1;2;4;5;2;3;2;3;1;"3";"0.251080024915032";"30566.5352112676"
"340";2;2;2;2;3;2;97;2;3;2;2;4;1;2;2;3;3;5;1;2;1;1;2;1;2;4;7;2;3;2;4;1;"2";"1.30092047673681";"158374.333333333"
"341";10;2;2;2;2;1;4;2;1;2;3;5;1;2;2;3;3;5;1;2;1;1;1;1;2;4;7;2;3;2;4;1;"2";"1.30092047673681";"158374.333333333"
"342";5;2;2;3;3;1;4;2;2;1;1;5;1;2;2;3;2;3;3;2;1;2;2;2;2;5;7;4;3;3;4;3;"2";"1.30092047673681";"158374.333333333"
"343";15;2;1;1;1;1;6;2;3;2;3;5;2;2;2;3;2;5;1;1;1;1;2;2;2;4;7;5;3;2;4;3;"3";"0.0755619568571344";"9198.92857142857"
"344";5;2;1;3;3;3;4;2;3;1;3;5;1;2;2;3;3;5;1;2;1;2;1;1;2;5;7;5;3;3;4;3;"3";"0.0755619568571344";"9198.92857142857"
"345";15;2;1;2;2;2;2;1;2;1;1;4;1;2;2;2;3;4;3;1;1;2;1;2;2;4;7;5;3;2;4;3;"3";"0.0755619568571344";"9198.92857142857"
"346";2;2;1;3;3;2;4;1;3;1;1;3;1;2;2;1;3;3;4;1;1;1;2;2;2;6;7;5;3;4;4;3;"3";"0.0755619568571344";"9198.92857142857"
"347";2;2;1;3;3;3;1;2;3;1;1;3;1;2;1;2;3;3;1;2;1;2;1;1;2;6;7;4;3;4;4;3;"3";"0.0755619568571344";"9198.92857142857"
"348";2;2;1;3;3;2;4;1;2;1;1;5;1;2;2;3;3;5;4;2;1;1;1;1;2;6;7;4;3;4;4;3;"3";"0.0755619568571344";"9198.92857142857"
"349";18;2;1;2;3;3;2;1;3;1;1;4;1;2;2;3;3;4;3;2;1;2;1;1;2;5;7;4;3;3;4;3;"3";"0.0755619568571344";"9198.92857142857"
"350";18;2;1;3;3;1;6;4;3;1;2;5;1;2;1;2;1;3;6;1;1;1;2;1;2;4;7;2;2;2;4;1;"3";"0.0755619568571344";"9198.92857142857"
"351";20;2;1;3;3;97;4;2;3;1;1;3;1;2;2;2;2;3;4;2;1;2;1;97;2;7;7;5;3;4;4;3;"3";"0.0755619568571344";"9198.92857142857"
"352";20;2;1;3;3;2;4;1;3;1;1;5;1;2;2;2;3;4;1;2;1;1;2;2;2;4;7;5;3;2;4;3;"3";"0.0755619568571344";"9198.92857142857"
"353";10;2;1;3;3;2;4;1;3;1;2;5;1;2;2;3;3;5;1;2;1;2;2;2;2;4;7;4;3;2;4;3;"3";"0.0755619568571344";"9198.92857142857"
"354";10;2;1;2;2;2;6;1;3;1;1;3;1;2;1;2;2;3;6;2;1;2;1;1;2;3;7;5;2;1;4;3;"3";"0.0755619568571344";"9198.92857142857"
"355";10;2;1;3;3;1;5;1;1;1;1;3;1;1;1;2;2;3;5;2;1;2;2;1;2;4;7;3;3;2;4;2;"3";"0.0755619568571344";"9198.92857142857"
"356";6;2;1;3;3;1;4;2;3;1;1;5;1;1;2;3;3;5;2;2;1;2;2;1;2;5;7;3;3;3;4;2;"3";"0.0755619568571344";"9198.92857142857"
"357";6;2;1;2;1;2;4;1;3;1;1;5;1;2;2;3;3;5;1;2;1;2;2;1;2;4;7;5;3;2;4;3;"3";"0.0755619568571344";"9198.92857142857"
"358";6;2;1;2;2;1;1;1;3;1;1;4;1;2;1;2;1;2;8;2;1;2;1;2;2;7;7;4;2;4;4;3;"3";"0.0755619568571344";"9198.92857142857"
"359";10;2;1;2;2;2;4;1;2;1;1;5;1;2;2;3;3;5;1;1;1;2;1;2;2;6;7;5;3;4;4;3;"3";"0.0755619568571344";"9198.92857142857"
"360";10;2;1;2;3;2;4;2;3;1;1;5;1;2;2;3;3;5;1;2;1;2;1;1;2;6;7;4;3;4;4;3;"3";"0.0755619568571344";"9198.92857142857"
"361";10;2;1;2;1;2;4;2;3;1;1;5;1;2;1;3;3;5;3;2;1;2;1;1;2;3;7;97;3;1;4;97;"3";"0.0755619568571344";"9198.92857142857"
"362";5;2;1;3;3;3;4;2;3;1;1;4;1;1;2;3;2;4;6;2;1;1;1;1;2;4;7;3;2;2;4;2;"3";"0.0755619568571344";"9198.92857142857"
"363";5;2;1;2;2;1;2;4;97;1;1;5;1;2;2;3;3;5;2;1;1;2;2;2;2;4;7;3;3;2;4;2;"3";"0.0755619568571344";"9198.92857142857"
"364";5;2;1;3;2;3;1;1;1;1;1;5;1;2;2;3;3;5;3;2;1;2;1;1;2;7;7;5;3;4;4;3;"3";"0.0755619568571344";"9198.92857142857"
"365";5;2;1;1;2;2;2;4;3;1;1;2;1;2;2;2;3;4;4;2;1;1;1;2;2;3;7;2;3;1;4;1;"3";"0.0755619568571344";"9198.92857142857"
"366";5;2;1;3;3;1;3;3;97;2;2;5;1;2;2;2;2;3;4;2;1;2;1;1;2;7;7;3;3;4;4;2;"3";"0.0755619568571344";"9198.92857142857"
"367";5;2;1;3;3;3;4;1;3;1;2;5;1;2;2;3;3;5;1;2;1;2;1;2;2;4;7;4;3;2;4;3;"3";"0.0755619568571344";"9198.92857142857"
"368";5;2;1;2;3;3;5;1;97;3;3;5;1;2;2;3;3;5;1;2;1;2;1;2;2;7;7;3;3;4;4;2;"3";"0.0755619568571344";"9198.92857142857"
"369";5;2;1;3;2;2;4;1;97;1;1;5;1;2;1;3;3;5;1;1;1;2;1;1;2;5;7;5;3;3;4;3;"3";"0.0755619568571344";"9198.92857142857"
"370";5;2;1;2;3;1;3;2;1;1;1;5;1;2;1;3;3;4;1;2;1;1;2;2;2;4;7;3;3;2;4;2;"3";"0.0755619568571344";"9198.92857142857"
"371";5;2;1;2;3;3;5;4;3;1;3;5;1;2;2;3;3;4;2;2;1;2;1;1;2;7;7;2;3;4;4;1;"3";"0.0755619568571344";"9198.92857142857"
"372";17;2;1;3;3;3;1;2;3;1;2;3;1;1;2;2;3;3;8;2;1;2;2;2;2;3;7;2;2;1;4;1;"3";"0.0755619568571344";"9198.92857142857"
"373";17;2;1;2;3;2;4;2;3;1;3;5;2;2;2;3;3;5;1;2;1;1;2;1;2;3;7;2;3;1;4;1;"3";"0.0755619568571344";"9198.92857142857"
"374";17;2;1;2;3;2;6;1;3;1;2;5;1;2;1;3;3;5;1;1;1;1;1;2;2;7;7;3;3;4;4;2;"3";"0.0755619568571344";"9198.92857142857"
"375";17;2;1;3;3;2;3;2;2;1;1;4;1;2;2;3;2;5;1;2;2;;;;2;4;7;2;3;2;4;1;"3";"0.0755619568571344";"9198.92857142857"
"376";17;2;1;1;3;3;3;2;3;1;1;5;1;2;2;3;2;4;3;2;1;1;2;2;2;3;7;4;3;1;4;3;"3";"0.0755619568571344";"9198.92857142857"
"377";17;2;1;3;3;3;4;1;3;97;3;5;1;2;2;3;3;5;1;1;1;2;1;1;2;5;7;5;3;3;4;3;"3";"0.0755619568571344";"9198.92857142857"
"378";17;2;1;3;3;1;6;3;3;1;1;5;1;2;2;2;3;4;3;2;1;2;2;1;2;6;7;4;3;4;4;3;"3";"0.0755619568571344";"9198.92857142857"
"379";17;2;1;2;2;3;5;2;2;1;1;3;1;2;2;2;2;2;6;1;1;2;2;2;2;3;7;3;2;1;4;2;"3";"0.0755619568571344";"9198.92857142857"
"380";17;2;1;2;3;2;2;1;1;1;1;3;1;1;1;2;3;3;8;2;1;2;2;1;2;6;7;3;2;4;4;2;"3";"0.0755619568571344";"9198.92857142857"
"381";17;2;1;3;2;3;4;2;3;1;1;5;1;2;2;3;3;5;1;1;1;2;1;1;2;7;7;97;3;4;4;97;"3";"0.0755619568571344";"9198.92857142857"
"382";17;2;1;2;2;3;6;3;1;1;2;5;1;1;2;3;3;5;6;1;1;1;2;1;2;4;7;1;2;2;4;1;"3";"0.0755619568571344";"9198.92857142857"
"383";6;2;1;3;2;3;5;3;3;1;1;5;1;1;2;3;3;5;1;2;1;2;1;1;2;4;7;3;3;2;4;2;"3";"0.0755619568571344";"9198.92857142857"
"384";6;2;1;3;3;3;4;1;1;1;3;4;1;2;2;3;3;4;4;2;1;97;1;1;2;3;7;2;3;1;4;1;"3";"0.0755619568571344";"9198.92857142857"
"385";6;2;1;3;3;3;1;1;1;1;3;5;1;2;2;3;3;5;1;2;1;1;2;2;2;4;7;3;3;2;4;2;"3";"0.0755619568571344";"9198.92857142857"
"386";6;2;1;1;2;1;5;2;1;1;1;3;1;1;2;2;2;3;7;2;1;2;1;1;2;3;7;97;2;1;4;97;"3";"0.0755619568571344";"9198.92857142857"
"387";6;2;1;3;3;3;1;1;3;1;3;5;1;1;1;3;3;4;1;1;1;2;1;1;2;4;7;1;3;2;4;1;"3";"0.0755619568571344";"9198.92857142857"
"388";6;2;1;3;3;3;4;1;3;1;3;5;1;2;2;3;3;5;5;2;1;2;1;97;2;6;7;4;3;4;4;3;"3";"0.0755619568571344";"9198.92857142857"
"389";6;2;1;2;2;3;5;3;3;2;3;5;1;2;2;2;2;4;4;1;2;;;;2;7;7;5;3;4;4;3;"3";"0.0755619568571344";"9198.92857142857"
"390";6;2;1;2;2;1;6;1;1;1;1;4;1;2;2;2;3;4;4;2;1;2;1;1;2;5;7;5;3;3;4;3;"3";"0.0755619568571344";"9198.92857142857"
"391";6;2;1;3;3;3;4;1;3;1;2;5;1;2;2;3;3;5;6;2;1;2;1;1;2;4;7;4;2;2;4;3;"3";"0.0755619568571344";"9198.92857142857"
"392";26;2;1;3;3;3;4;3;1;1;2;5;1;2;2;3;3;4;1;2;1;2;1;2;2;7;7;5;3;4;4;3;"3";"0.0755619568571344";"9198.92857142857"
"393";10;2;1;3;1;1;4;2;2;1;3;5;1;1;2;3;3;5;1;2;97;1;2;2;2;3;7;5;3;1;4;3;"3";"0.0755619568571344";"9198.92857142857"
"394";10;2;1;2;3;3;4;1;3;1;2;3;1;2;2;3;3;4;6;2;1;2;1;2;2;3;7;4;2;1;4;3;"3";"0.0755619568571344";"9198.92857142857"
"395";15;2;1;2;2;1;3;1;3;1;1;4;1;2;1;3;2;4;3;2;1;2;1;1;2;5;7;4;3;3;4;3;"3";"0.0755619568571344";"9198.92857142857"
"396";15;2;1;1;2;2;4;1;3;1;1;4;1;2;2;2;2;3;6;2;1;2;1;2;2;5;7;5;2;3;4;3;"3";"0.0755619568571344";"9198.92857142857"
"397";20;2;1;2;3;3;4;1;1;1;1;5;1;2;2;3;2;3;1;2;1;1;2;2;2;6;7;3;3;4;4;2;"3";"0.0755619568571344";"9198.92857142857"
"398";20;2;1;2;2;3;4;2;2;1;1;5;1;2;2;3;3;5;3;2;1;2;2;2;2;7;7;4;3;4;4;3;"3";"0.0755619568571344";"9198.92857142857"
"399";14;3;2;2;3;97;6;2;97;1;1;3;1;2;1;3;3;5;2;2;1;1;1;2;1;3;5;2;3;1;3;1;"1";"0.33421441443889";"40687.3333333333"
"400";14;3;2;3;3;2;4;2;2;1;1;1;1;2;1;3;1;2;3;2;1;2;2;1;1;4;6;3;3;2;4;2;"1";"0.33421441443889";"40687.3333333333"
"401";14;3;2;2;2;3;2;2;3;1;1;2;1;2;1;2;2;2;9;1;2;;;;1;1;4;1;1;1;2;1;"1";"0.33421441443889";"40687.3333333333"
"402";23;3;2;2;2;1;5;2;3;1;1;3;1;2;1;2;1;97;7;2;2;;;;1;3;3;2;2;1;2;1;"2";"3.62155401551534";"440888.75"
"403";27;3;2;3;3;3;4;4;1;97;97;4;1;2;1;2;2;3;8;2;1;2;2;2;1;3;5;1;2;1;3;1;"2";"3.62155401551534";"440888.75"
"404";14;3;2;2;2;3;2;4;1;1;2;5;1;2;2;3;3;4;1;2;2;;;;1;5;2;2;3;3;1;1;"2";"3.62155401551534";"440888.75"
"405";14;3;2;2;3;97;1;4;3;3;3;5;2;2;1;3;2;3;11;1;2;;;;1;4;3;1;1;2;2;1;"2";"3.62155401551534";"440888.75"
"406";14;3;2;2;1;2;6;2;1;1;2;5;1;2;2;3;3;5;1;2;1;2;2;1;1;4;6;1;3;2;4;1;"2";"3.62155401551534";"440888.75"
"407";14;3;2;2;3;2;1;4;3;3;1;5;1;2;2;2;2;3;1;2;1;2;1;2;1;6;4;2;3;4;2;1;"2";"3.62155401551534";"440888.75"
"408";14;3;2;3;3;3;5;4;1;2;1;4;1;2;2;3;2;5;1;2;2;;;;1;5;2;2;3;3;1;1;"2";"3.62155401551534";"440888.75"
"409";3;3;2;2;2;3;4;2;1;1;2;5;2;2;2;3;2;3;6;2;1;1;2;1;1;6;5;2;2;4;3;1;"2";"3.62155401551534";"440888.75"
"410";14;3;1;1;1;1;5;3;3;1;2;3;1;2;2;2;2;3;97;1;2;;;;1;2;5;97;97;1;3;97;"3";"0.216205548474975";"26320.9090909091"
"411";14;3;1;3;3;2;6;2;2;1;1;5;2;2;1;2;3;4;6;2;2;;;;1;3;6;2;2;1;4;1;"3";"0.216205548474975";"26320.9090909091"
"412";3;3;1;3;3;3;4;3;3;3;2;4;1;2;2;2;2;2;1;1;2;;;;1;3;6;2;3;1;4;1;"3";"0.216205548474975";"26320.9090909091"
"413";14;3;1;3;2;2;4;3;1;1;2;5;1;2;1;3;3;4;1;2;1;2;1;2;1;3;5;2;3;1;3;1;"3";"0.216205548474975";"26320.9090909091"
"414";14;3;1;3;3;3;4;4;97;1;97;3;97;2;97;3;3;5;97;2;2;;;;1;6;2;2;97;4;1;1;"3";"0.216205548474975";"26320.9090909091"
"415";27;3;1;3;3;3;4;3;1;1;1;3;1;2;2;2;2;2;3;2;2;;;;1;3;6;2;3;1;4;1;"3";"0.216205548474975";"26320.9090909091"
"416";27;3;1;2;3;2;5;2;2;1;1;3;1;97;1;2;3;3;6;2;1;2;97;1;1;5;5;1;2;3;3;1;"3";"0.216205548474975";"26320.9090909091"
"417";27;3;1;2;3;1;6;4;2;2;1;5;1;2;1;3;3;5;11;2;1;1;2;2;1;1;2;2;1;1;1;1;"3";"0.216205548474975";"26320.9090909091"
"418";27;3;1;3;3;3;6;4;1;97;3;5;1;2;2;3;3;5;1;2;1;1;2;1;1;7;2;2;3;4;1;1;"3";"0.216205548474975";"26320.9090909091"
"419";23;3;1;2;3;1;3;1;1;1;3;5;2;2;2;2;2;4;8;2;1;1;1;1;1;4;6;3;2;2;4;2;"3";"0.216205548474975";"26320.9090909091"
"420";23;3;1;1;1;2;5;1;2;1;1;3;1;2;1;2;2;3;6;2;1;2;1;1;1;4;5;2;2;2;3;1;"3";"0.216205548474975";"26320.9090909091"
"421";23;3;1;1;1;1;5;2;3;1;1;3;1;2;1;2;2;3;6;2;1;1;2;1;1;3;6;2;2;1;4;1;"3";"0.216205548474975";"26320.9090909091"
"422";14;3;1;1;2;1;4;2;1;1;1;3;1;2;1;2;3;5;9;2;1;1;2;2;1;5;2;2;1;3;1;1;"3";"0.216205548474975";"26320.9090909091"
"423";14;3;1;3;3;3;4;3;2;1;1;3;1;2;2;3;3;4;1;1;1;2;1;1;1;2;5;2;3;1;3;1;"3";"0.216205548474975";"26320.9090909091"
"424";14;3;1;3;3;1;1;2;1;1;1;3;1;2;1;2;2;3;4;2;1;2;1;1;1;3;6;2;3;1;4;1;"3";"0.216205548474975";"26320.9090909091"
"425";14;3;1;3;3;2;4;2;2;97;97;5;1;2;2;3;3;5;3;97;1;1;2;1;1;3;5;2;3;1;3;1;"3";"0.216205548474975";"26320.9090909091"
"426";14;3;1;3;3;2;6;4;3;1;1;5;1;2;1;3;3;5;1;1;1;2;2;1;1;4;5;2;3;2;3;1;"3";"0.216205548474975";"26320.9090909091"
"427";14;3;1;3;2;2;3;2;1;3;2;3;1;2;1;3;2;3;1;1;1;1;1;2;1;3;6;2;3;1;4;1;"3";"0.216205548474975";"26320.9090909091"
"428";14;3;1;1;3;3;5;4;1;3;1;5;1;2;1;3;3;5;1;2;2;;;;1;5;4;3;3;3;2;2;"3";"0.216205548474975";"26320.9090909091"
"429";22;3;1;1;1;1;1;1;2;1;1;3;1;2;1;2;2;3;6;2;2;;;;1;1;5;2;2;1;3;1;"3";"0.216205548474975";"26320.9090909091"
"430";22;3;1;1;1;1;4;3;3;2;1;1;2;2;2;2;2;3;9;1;1;1;2;2;1;3;5;2;1;1;3;1;"3";"0.216205548474975";"26320.9090909091"
"431";22;3;1;3;2;1;2;2;97;1;1;3;1;2;1;2;1;2;6;2;2;;;;1;1;4;2;2;1;2;1;"3";"0.216205548474975";"26320.9090909091"
"432";3;3;2;3;3;1;4;3;1;1;2;5;1;2;2;3;2;4;1;1;1;1;1;1;1;5;7;2;3;3;4;1;"1";"0.0122227486527765";"1488"
"433";27;3;2;3;3;3;1;1;97;97;2;4;1;1;97;3;3;4;1;1;1;97;2;97;1;6;7;2;3;4;4;1;"1";"0.0122227486527765";"1488"
"434";4;3;2;3;3;1;3;2;3;1;1;3;1;2;2;3;3;3;8;2;1;2;1;1;1;4;7;2;2;2;4;1;"2";"0.979580471833173";"119254.333333333"
"435";22;3;2;3;3;3;1;1;1;1;3;5;2;2;2;3;3;5;1;2;1;2;97;1;1;5;7;3;3;3;4;2;"2";"0.979580471833173";"119254.333333333"
"436";14;3;2;3;3;3;5;3;2;1;1;5;1;2;1;3;3;5;1;1;1;1;1;1;1;3;7;2;3;1;4;1;"2";"0.979580471833173";"119254.333333333"
"437";3;3;1;2;3;1;1;1;3;1;3;5;1;2;2;3;3;5;11;1;1;2;2;2;1;4;7;1;1;2;4;1;"3";"0.12969041479172";"15788.5384615385"
"438";3;3;1;3;3;3;3;2;3;1;2;3;1;2;2;3;3;4;8;2;1;1;2;1;1;7;7;5;2;4;4;3;"3";"0.12969041479172";"15788.5384615385"
"439";14;3;1;1;2;1;6;2;3;1;1;2;1;2;1;2;97;3;6;2;1;1;2;1;1;4;7;97;2;2;4;97;"3";"0.12969041479172";"15788.5384615385"
"440";27;3;1;3;3;3;6;2;3;1;2;5;1;2;1;3;3;5;4;1;1;1;1;2;1;5;7;3;3;3;4;2;"3";"0.12969041479172";"15788.5384615385"
"441";1;3;1;2;3;3;2;2;1;1;1;4;1;2;2;2;3;4;4;1;1;2;1;1;1;4;7;3;3;2;4;2;"3";"0.12969041479172";"15788.5384615385"
"442";4;3;1;2;1;1;5;2;2;1;1;3;1;1;2;2;2;3;6;2;1;1;1;1;1;3;7;5;2;1;4;3;"3";"0.12969041479172";"15788.5384615385"
"443";4;3;1;3;3;3;2;1;97;1;1;5;2;2;2;3;3;5;1;2;1;1;1;1;1;6;7;5;3;4;4;3;"3";"0.12969041479172";"15788.5384615385"
"444";4;3;1;2;2;2;4;2;3;1;3;5;97;2;2;2;3;5;4;2;2;;;;1;5;7;3;3;3;4;2;"3";"0.12969041479172";"15788.5384615385"
"445";14;3;1;3;3;3;4;2;97;1;97;3;1;2;2;2;97;3;1;2;2;;;;1;6;7;3;3;4;4;2;"3";"0.12969041479172";"15788.5384615385"
"446";14;3;1;3;2;3;4;1;97;1;1;2;1;2;2;3;2;3;6;1;1;1;2;1;1;4;7;3;2;2;4;2;"3";"0.12969041479172";"15788.5384615385"
"447";14;3;1;3;3;2;3;1;2;1;1;5;1;2;2;3;3;5;1;2;1;2;1;1;1;5;7;3;3;3;4;2;"3";"0.12969041479172";"15788.5384615385"
"448";14;3;1;3;3;2;4;1;1;1;1;4;1;1;2;3;2;3;5;1;1;2;1;1;1;7;7;4;3;4;4;3;"3";"0.12969041479172";"15788.5384615385"
"449";22;3;1;3;3;3;1;1;2;1;3;5;1;2;2;3;3;5;1;2;1;2;1;1;1;3;7;2;3;1;4;1;"3";"0.12969041479172";"15788.5384615385"
"450";3;3;2;3;2;3;3;2;97;1;2;4;1;2;2;2;3;3;1;1;1;1;2;1;2;7;5;3;3;4;3;2;"1";"0.862746985046889";"105031"
"451";14;3;2;3;1;1;1;4;1;1;3;5;1;2;2;3;2;3;1;2;1;2;2;1;2;6;2;2;3;4;1;1;"2";"5.78093954506771";"703772.8"
"452";22;3;2;3;3;2;4;3;2;2;3;3;1;2;1;3;2;3;11;2;2;;;;2;4;2;2;1;2;1;1;"2";"5.78093954506771";"703772.8"
"453";3;3;2;2;1;1;4;2;3;1;2;3;1;2;1;1;2;3;7;1;2;;;;2;4;5;2;2;2;3;1;"2";"5.78093954506771";"703772.8"
"454";3;3;2;3;1;1;4;4;97;1;1;5;1;2;2;3;3;5;1;2;1;2;1;1;2;5;2;3;3;3;1;2;"2";"5.78093954506771";"703772.8"
"455";3;3;2;3;3;3;4;1;1;1;1;3;1;2;2;3;3;5;97;1;1;2;97;1;2;6;5;1;97;4;3;1;"2";"5.78093954506771";"703772.8"
"456";27;3;1;3;1;1;4;1;3;1;1;3;1;2;2;3;3;5;1;2;1;1;1;1;2;5;5;3;3;3;3;2;"3";"0.177770679236294";"21641.84"
"457";14;3;1;3;3;1;4;4;97;1;1;5;1;2;2;1;2;3;8;1;1;1;1;1;2;7;5;3;2;4;3;2;"3";"0.177770679236294";"21641.84"
"458";3;3;1;2;2;3;4;2;3;1;3;5;1;2;2;3;3;5;1;1;2;;;;2;4;6;4;3;2;4;3;"3";"0.177770679236294";"21641.84"
"459";3;3;1;3;3;3;4;3;2;1;1;5;1;2;2;3;3;5;1;1;1;1;2;2;2;7;2;3;3;4;1;2;"3";"0.177770679236294";"21641.84"
"460";3;3;1;2;1;1;5;2;1;1;1;5;1;2;1;3;3;3;6;1;1;2;2;1;2;3;5;2;2;1;3;1;"3";"0.177770679236294";"21641.84"
"461";3;3;1;2;3;2;6;1;2;2;1;2;1;2;2;3;3;4;6;2;1;1;1;1;2;2;5;2;2;1;3;1;"3";"0.177770679236294";"21641.84"
"462";14;3;1;2;3;1;2;1;1;1;2;3;1;2;1;3;3;4;5;2;1;1;1;1;2;3;4;2;3;1;2;1;"3";"0.177770679236294";"21641.84"
"463";14;3;1;2;3;3;4;1;2;1;1;4;1;2;1;3;2;1;6;2;2;;;;2;4;5;97;2;2;3;97;"3";"0.177770679236294";"21641.84"
"464";14;3;1;2;3;2;1;2;3;97;1;3;1;2;2;3;2;4;5;2;2;;;;2;3;6;2;3;1;4;1;"3";"0.177770679236294";"21641.84"
"465";14;3;1;1;2;2;4;2;3;2;2;3;2;2;2;2;3;3;6;2;1;1;2;1;2;5;5;3;2;3;3;2;"3";"0.177770679236294";"21641.84"
"466";3;3;1;3;3;2;4;4;97;2;3;5;2;2;2;3;3;5;1;2;1;2;1;2;2;5;2;2;3;3;1;1;"3";"0.177770679236294";"21641.84"
"467";3;3;1;2;2;1;6;4;3;3;2;3;1;2;2;2;2;3;6;2;2;;;;2;3;6;2;2;1;4;1;"3";"0.177770679236294";"21641.84"
"468";3;3;1;2;2;3;2;1;3;1;3;5;1;2;2;3;2;5;2;1;1;2;2;2;2;3;6;2;3;1;4;1;"3";"0.177770679236294";"21641.84"
"469";27;3;1;2;3;2;1;3;97;1;1;5;1;1;2;3;3;4;1;2;1;2;2;2;2;3;6;2;3;1;4;1;"3";"0.177770679236294";"21641.84"
"470";1;3;1;2;1;1;4;1;2;1;1;3;1;2;2;3;2;3;7;2;1;2;2;1;2;1;5;3;2;1;3;2;"3";"0.177770679236294";"21641.84"
"471";4;3;1;3;3;2;4;4;97;2;3;5;1;2;2;3;3;5;1;2;2;;;;2;5;4;3;3;3;2;2;"3";"0.177770679236294";"21641.84"
"472";14;3;1;3;3;2;3;1;3;1;1;5;1;2;2;3;3;5;1;2;1;2;1;1;2;3;6;4;3;1;4;3;"3";"0.177770679236294";"21641.84"
"473";14;3;1;2;3;2;5;3;3;1;1;5;1;2;1;2;2;3;6;2;1;1;1;1;2;7;6;3;2;4;4;2;"3";"0.177770679236294";"21641.84"
"474";14;3;1;2;2;3;4;1;3;1;1;5;1;2;1;3;2;4;1;1;1;2;2;1;2;3;5;2;3;1;3;1;"3";"0.177770679236294";"21641.84"
"475";14;3;1;2;2;2;3;2;1;1;2;4;1;2;2;3;2;3;1;1;1;1;1;2;2;3;6;2;3;1;4;1;"3";"0.177770679236294";"21641.84"
"476";14;3;1;2;3;1;5;4;2;3;2;3;2;2;2;2;2;2;6;2;1;1;1;1;2;3;5;2;2;1;3;1;"3";"0.177770679236294";"21641.84"
"477";22;3;1;1;1;1;6;2;2;2;1;3;97;2;1;2;2;3;8;2;2;;;;2;4;6;2;2;2;4;1;"3";"0.177770679236294";"21641.84"
"478";22;3;1;3;2;2;4;1;3;2;3;5;1;2;2;3;3;3;2;2;1;2;1;1;2;5;5;4;3;3;3;3;"3";"0.177770679236294";"21641.84"
"479";22;3;1;2;1;1;5;2;3;1;2;2;1;2;1;2;1;2;9;2;1;2;1;1;2;4;4;2;1;2;2;1;"3";"0.177770679236294";"21641.84"
"480";22;3;1;3;3;2;6;3;3;2;1;4;1;1;2;2;2;3;1;2;1;1;2;2;2;1;4;1;3;1;2;1;"3";"0.177770679236294";"21641.84"
"481";3;3;2;3;3;2;4;2;1;2;2;2;2;2;2;3;3;5;1;2;2;;;;2;3;7;3;3;1;4;2;"1";"0.00832921178354529";"1014"
"482";14;3;2;2;3;1;2;1;1;1;1;4;1;2;2;3;3;4;1;2;1;2;1;2;2;3;7;1;3;1;4;1;"1";"0.00832921178354529";"1014"
"483";14;3;2;2;2;1;4;1;2;2;2;4;1;2;1;3;2;4;3;2;1;1;97;1;2;7;7;4;3;4;4;3;"1";"0.00832921178354529";"1014"
"484";1;3;2;1;2;3;4;4;3;1;3;5;1;1;2;3;3;4;1;2;1;2;1;1;2;4;7;3;3;2;4;2;"2";"1.76373934491053";"214718"
"485";14;3;1;3;3;3;3;1;1;1;1;4;97;1;2;3;3;4;6;2;1;2;97;1;2;4;7;3;2;2;4;2;"3";"0.0982994846288821";"11967"
"486";3;3;1;3;2;3;4;1;3;1;97;5;1;1;2;3;3;5;3;2;1;2;1;2;2;4;7;3;3;2;4;2;"3";"0.0982994846288821";"11967"
"487";3;3;1;2;1;2;4;1;2;1;1;5;1;2;1;3;2;4;3;1;1;2;1;1;2;4;7;5;3;2;4;3;"3";"0.0982994846288821";"11967"
"488";3;3;1;2;2;1;6;2;2;1;1;5;1;2;1;1;1;3;97;2;1;2;1;1;2;5;7;4;97;3;4;3;"3";"0.0982994846288821";"11967"
"489";14;3;1;2;2;2;1;1;2;1;1;3;1;1;1;3;3;3;1;2;1;1;2;1;2;7;7;5;3;4;4;3;"3";"0.0982994846288821";"11967"
"490";14;3;1;3;3;2;2;1;3;1;1;3;1;2;2;1;2;3;6;2;1;1;2;2;2;4;7;97;2;2;4;97;"3";"0.0982994846288821";"11967"
"491";3;3;1;2;2;2;5;2;3;1;2;4;1;2;2;3;2;4;5;2;2;;;;2;7;7;4;3;4;4;3;"3";"0.0982994846288821";"11967"
"492";14;3;1;3;3;3;4;1;3;1;1;5;1;2;2;2;2;4;1;2;1;1;2;2;2;4;7;1;3;2;4;1;"3";"0.0982994846288821";"11967"
"493";1;3;1;1;3;3;6;1;97;97;3;5;97;2;1;3;3;5;1;1;1;97;2;97;2;4;7;5;3;2;4;3;"3";"0.0982994846288821";"11967"
"494";1;3;1;2;3;3;6;1;3;2;1;5;1;2;2;3;3;5;4;2;1;2;2;1;2;6;7;3;3;4;4;2;"3";"0.0982994846288821";"11967"
"495";14;3;1;1;2;1;6;1;2;2;2;5;1;2;2;2;2;2;5;1;1;2;1;2;2;4;7;4;3;2;4;3;"3";"0.0982994846288821";"11967"
"496";14;3;1;3;3;3;2;1;2;2;2;4;1;2;2;3;3;4;3;2;1;2;1;1;2;3;7;3;3;1;4;2;"3";"0.0982994846288821";"11967"
"497";13;4;2;3;3;1;5;4;3;1;1;4;2;2;2;2;3;3;8;2;1;2;2;1;1;7;2;2;2;4;1;1;"1";"0.828862297330785";"100905.870967742"
"498";13;4;2;2;2;1;4;4;97;97;1;97;1;1;1;2;3;2;11;97;1;1;2;97;1;7;2;97;1;4;1;97;"1";"0.828862297330785";"100905.870967742"
"499";13;4;2;3;3;2;4;4;97;1;3;5;1;2;2;3;3;5;1;2;1;2;2;2;1;7;2;2;3;4;1;1;"1";"0.828862297330785";"100905.870967742"
"500";19;4;2;1;3;97;4;4;3;1;1;5;1;2;2;3;3;5;6;2;2;;;;1;6;3;1;2;4;2;1;"1";"0.828862297330785";"100905.870967742"
"501";19;4;2;3;3;2;4;3;97;1;3;5;1;2;2;3;2;3;1;2;2;;;;1;6;2;2;3;4;1;1;"1";"0.828862297330785";"100905.870967742"
"502";19;4;2;3;3;3;4;3;1;1;1;5;1;2;2;3;3;5;1;2;2;;;;1;6;5;1;3;4;3;1;"1";"0.828862297330785";"100905.870967742"
"503";19;4;2;3;2;1;5;3;3;2;1;3;2;2;1;2;1;3;7;2;2;;;;1;6;5;97;2;4;3;97;"1";"0.828862297330785";"100905.870967742"
"504";19;4;2;3;3;1;2;2;3;2;1;4;1;2;2;3;2;2;1;2;1;1;1;2;1;6;3;1;3;4;2;1;"1";"0.828862297330785";"100905.870967742"
"505";13;4;2;3;3;3;5;4;2;3;2;5;1;2;2;3;3;5;9;2;97;97;97;97;1;7;2;2;1;4;1;1;"1";"0.828862297330785";"100905.870967742"
"506";13;4;2;2;2;2;6;3;97;1;2;5;1;2;1;3;3;5;3;2;1;2;2;97;1;6;5;3;3;4;3;2;"1";"0.828862297330785";"100905.870967742"
"507";13;4;2;2;2;1;5;4;1;3;2;5;1;2;2;3;3;4;1;2;1;2;1;1;1;6;2;2;3;4;1;1;"1";"0.828862297330785";"100905.870967742"
"508";13;4;2;3;3;2;2;2;3;1;3;3;1;2;1;2;2;3;1;2;2;;;;1;4;5;1;3;2;3;1;"1";"0.828862297330785";"100905.870967742"
"509";13;4;2;2;2;2;5;2;1;1;1;5;1;2;2;3;2;3;1;1;1;1;1;2;1;7;2;2;3;4;1;1;"1";"0.828862297330785";"100905.870967742"
"510";19;4;2;3;3;3;6;1;97;1;1;5;1;2;2;3;3;4;1;2;1;1;2;1;1;7;6;1;3;4;4;1;"1";"0.828862297330785";"100905.870967742"
"511";8;4;2;3;3;2;5;4;1;2;3;4;1;1;1;3;3;4;7;2;2;;;;1;6;5;2;2;4;3;1;"1";"0.828862297330785";"100905.870967742"
"512";25;4;2;3;3;1;2;3;3;3;2;3;1;2;2;3;3;3;1;2;1;1;1;2;1;3;5;1;3;1;3;1;"1";"0.828862297330785";"100905.870967742"
"513";25;4;2;3;2;3;5;4;97;2;1;5;97;2;2;3;3;5;1;2;2;;;;1;7;2;2;3;4;1;1;"1";"0.828862297330785";"100905.870967742"
"514";25;4;2;3;2;3;1;4;1;1;2;5;1;2;1;3;3;4;1;2;2;;;;1;7;2;2;3;4;1;1;"1";"0.828862297330785";"100905.870967742"
"515";25;4;2;2;2;1;6;2;3;2;1;97;1;2;97;2;2;3;6;2;97;1;1;1;1;7;3;2;2;4;2;1;"1";"0.828862297330785";"100905.870967742"
"516";25;4;2;2;2;2;4;4;3;1;2;3;1;1;2;2;2;3;4;2;2;;;;1;7;3;2;3;4;2;1;"1";"0.828862297330785";"100905.870967742"
"517";25;4;2;2;3;97;4;2;3;1;97;3;97;97;1;2;2;3;6;97;1;2;97;1;1;7;5;2;2;4;3;1;"1";"0.828862297330785";"100905.870967742"
"518";25;4;2;3;3;1;5;1;2;1;3;5;1;2;2;3;2;5;8;1;2;;;;1;6;2;2;2;4;1;1;"1";"0.828862297330785";"100905.870967742"
"519";25;4;2;2;2;97;1;2;2;2;3;3;1;2;2;2;2;2;1;2;2;;;;1;1;4;1;3;1;2;1;"1";"0.828862297330785";"100905.870967742"
"520";25;4;2;3;3;1;4;4;3;2;3;5;1;2;2;2;2;4;1;2;2;;;;1;6;3;2;3;4;2;1;"1";"0.828862297330785";"100905.870967742"
"521";25;4;2;2;3;2;4;2;3;1;1;3;1;1;1;2;2;3;6;2;1;1;2;2;1;3;6;1;2;1;4;1;"1";"0.828862297330785";"100905.870967742"
"522";25;4;2;3;2;3;5;2;2;1;1;2;1;2;1;2;2;3;97;2;97;97;97;97;1;7;2;2;97;4;1;1;"1";"0.828862297330785";"100905.870967742"
"523";25;4;2;3;3;3;4;4;2;2;3;3;2;2;2;3;3;5;1;1;2;;;;1;7;3;2;3;4;2;1;"1";"0.828862297330785";"100905.870967742"
"524";25;4;2;2;2;2;1;2;1;1;2;2;1;2;1;2;2;3;6;1;1;2;1;1;1;3;5;3;2;1;3;2;"1";"0.828862297330785";"100905.870967742"
"525";25;4;2;2;2;1;5;4;97;97;97;3;97;2;1;97;97;3;97;97;97;97;2;1;1;6;2;2;97;4;1;1;"1";"0.828862297330785";"100905.870967742"
"526";25;4;2;1;2;1;6;1;2;1;1;4;1;2;1;3;3;4;1;2;1;1;97;97;1;7;5;97;3;4;3;97;"1";"0.828862297330785";"100905.870967742"
"527";25;4;2;2;2;1;5;2;2;1;1;3;1;2;1;2;2;3;97;2;2;;;;1;6;2;4;97;4;1;3;"1";"0.828862297330785";"100905.870967742"
"528";8;4;2;2;2;3;6;2;2;1;1;5;1;2;2;3;3;5;2;1;2;;;;1;4;2;3;3;2;1;2;"2";"5.49599288380055";"669083.333333333"
"529";19;4;2;2;2;97;5;2;97;97;97;97;97;2;97;2;3;3;97;1;1;97;97;97;1;6;2;1;97;4;1;1;"2";"5.49599288380055";"669083.333333333"
"530";19;4;2;3;3;3;4;2;3;1;2;3;1;2;2;3;3;4;3;2;1;2;1;2;1;4;5;1;3;2;3;1;"2";"5.49599288380055";"669083.333333333"
"531";25;4;2;3;3;2;1;2;3;1;1;3;1;2;1;3;2;4;6;2;2;;;;1;5;5;3;2;3;3;2;"2";"5.49599288380055";"669083.333333333"
"532";25;4;2;2;3;2;4;2;3;1;1;5;1;2;2;3;3;5;1;2;1;2;2;1;1;5;3;2;3;3;2;1;"2";"5.49599288380055";"669083.333333333"
"533";25;4;2;2;3;1;1;2;3;1;2;3;2;2;2;3;3;4;4;2;1;2;1;2;1;2;5;1;3;1;3;1;"2";"5.49599288380055";"669083.333333333"
"534";25;4;2;1;2;1;5;2;2;1;1;2;2;2;1;2;2;2;8;2;2;;;;1;6;2;3;2;4;1;2;"2";"5.49599288380055";"669083.333333333"
"535";25;4;2;3;3;2;1;4;1;2;1;5;2;2;1;3;3;5;1;2;1;2;2;1;1;5;2;97;3;3;1;97;"2";"5.49599288380055";"669083.333333333"
"536";25;4;2;2;1;2;3;4;1;3;1;3;1;2;1;2;2;3;8;2;1;1;2;2;1;3;5;2;2;1;3;1;"2";"5.49599288380055";"669083.333333333"
"537";25;4;2;3;3;1;5;2;3;2;1;5;2;2;1;2;2;3;2;2;2;;;;1;6;2;1;3;4;1;1;"2";"5.49599288380055";"669083.333333333"
"538";25;4;2;3;3;1;5;2;3;2;1;5;1;2;2;3;3;5;1;2;2;;;;1;3;5;1;3;1;3;1;"2";"5.49599288380055";"669083.333333333"
"539";25;4;2;2;3;2;6;3;3;1;1;3;1;2;1;2;1;2;8;1;1;1;1;1;1;3;6;2;2;1;4;1;"2";"5.49599288380055";"669083.333333333"
"540";13;4;2;3;3;3;5;4;3;1;2;5;1;2;2;3;2;4;1;2;1;2;2;1;1;4;3;97;3;2;2;97;"2";"5.49599288380055";"669083.333333333"
"541";13;4;2;2;2;1;5;4;1;2;1;5;1;2;2;2;2;3;7;2;1;2;97;1;1;6;2;2;2;4;1;1;"2";"5.49599288380055";"669083.333333333"
"542";13;4;2;2;2;1;2;3;2;2;1;1;1;1;1;2;2;2;10;2;1;1;2;2;1;4;2;2;1;2;1;1;"2";"5.49599288380055";"669083.333333333"
"543";13;4;2;3;3;3;5;4;1;2;1;5;1;1;2;2;2;2;6;1;1;1;2;2;1;3;2;2;2;1;1;1;"2";"5.49599288380055";"669083.333333333"
"544";13;4;2;3;3;3;3;2;1;2;1;3;2;2;1;2;2;3;4;2;1;1;1;1;1;4;5;2;3;2;3;1;"2";"5.49599288380055";"669083.333333333"
"545";13;4;2;2;3;3;5;2;1;1;2;3;1;2;1;3;2;3;6;1;1;1;1;1;1;5;6;3;2;3;4;2;"2";"5.49599288380055";"669083.333333333"
"546";19;4;1;1;3;1;1;2;1;1;1;3;1;1;2;3;2;4;6;1;1;2;2;1;1;3;5;1;2;1;3;1;"3";"0.934685791317567";"113788.845454545"
"547";19;4;1;3;3;1;5;4;97;1;3;5;1;2;2;3;3;5;1;2;2;;;;1;7;5;2;3;4;3;1;"3";"0.934685791317567";"113788.845454545"
"548";19;4;1;3;3;3;4;2;3;1;1;5;1;2;2;3;3;4;1;2;1;2;2;1;1;4;5;1;3;2;3;1;"3";"0.934685791317567";"113788.845454545"
"549";19;4;1;2;2;2;2;2;1;1;1;4;1;1;2;2;3;4;5;2;1;1;2;2;1;3;5;1;3;1;3;1;"3";"0.934685791317567";"113788.845454545"
"550";25;4;1;2;3;3;4;2;3;1;1;4;1;1;1;2;2;3;6;2;1;1;1;2;1;3;5;97;2;1;3;97;"3";"0.934685791317567";"113788.845454545"
"551";25;4;1;2;2;2;3;2;2;1;1;3;1;1;1;2;2;3;7;2;1;2;2;1;1;3;6;2;2;1;4;1;"3";"0.934685791317567";"113788.845454545"
"552";25;4;1;2;3;1;1;1;2;1;1;5;1;1;1;3;2;3;1;2;1;1;1;1;1;7;3;97;3;4;2;97;"3";"0.934685791317567";"113788.845454545"
"553";25;4;1;2;3;1;2;2;3;1;1;5;1;2;1;3;3;4;1;2;1;1;1;1;1;3;5;2;3;1;3;1;"3";"0.934685791317567";"113788.845454545"
"554";25;4;1;3;3;3;1;3;1;1;1;5;1;2;1;3;3;5;1;2;1;2;2;1;1;3;5;2;3;1;3;1;"3";"0.934685791317567";"113788.845454545"
"555";25;4;1;2;3;1;6;1;3;1;2;5;2;2;1;3;3;5;1;2;2;;;;1;3;6;3;3;1;4;2;"3";"0.934685791317567";"113788.845454545"
"556";25;4;1;2;3;2;5;2;2;1;1;2;1;2;1;2;3;3;6;2;2;;;;1;7;3;1;2;4;2;1;"3";"0.934685791317567";"113788.845454545"
"557";25;4;1;3;3;3;1;1;3;3;1;5;1;2;2;3;3;4;1;2;1;2;1;2;1;3;5;1;3;1;3;1;"3";"0.934685791317567";"113788.845454545"
"558";13;4;1;3;3;3;97;4;97;97;1;5;1;1;2;3;3;3;1;2;1;2;2;2;1;5;5;2;3;3;3;1;"3";"0.934685791317567";"113788.845454545"
"559";13;4;1;2;2;3;5;1;2;97;1;1;1;1;1;2;2;1;97;1;1;1;2;1;1;7;1;1;97;4;1;1;"3";"0.934685791317567";"113788.845454545"
"560";13;4;1;3;3;2;1;4;1;2;3;5;97;2;2;3;3;5;1;2;97;2;2;1;1;4;5;2;3;2;3;1;"3";"0.934685791317567";"113788.845454545"
"561";13;4;1;2;3;1;2;1;1;1;1;5;1;2;2;3;2;3;5;2;2;;;;1;3;5;2;3;1;3;1;"3";"0.934685791317567";"113788.845454545"
"562";13;4;1;3;3;2;2;3;2;1;1;2;1;1;2;1;2;3;6;1;1;2;2;2;1;3;5;1;2;1;3;1;"3";"0.934685791317567";"113788.845454545"
"563";13;4;1;3;3;3;4;1;1;1;1;5;1;2;2;3;3;4;1;1;1;2;1;1;1;3;5;2;3;1;3;1;"3";"0.934685791317567";"113788.845454545"
"564";13;4;1;3;3;2;1;2;2;1;1;2;1;2;1;2;2;2;9;2;1;1;2;2;1;6;2;1;1;4;1;1;"3";"0.934685791317567";"113788.845454545"
"565";13;4;1;3;3;3;4;4;3;3;3;5;1;2;2;3;3;5;1;2;1;1;1;1;1;6;6;4;3;4;4;3;"3";"0.934685791317567";"113788.845454545"
"566";13;4;1;3;3;2;1;2;1;1;1;5;1;1;1;2;3;4;1;2;2;;;;1;5;5;1;3;3;3;1;"3";"0.934685791317567";"113788.845454545"
"567";13;4;1;1;2;1;5;1;3;1;1;1;2;1;1;1;1;1;11;1;1;1;2;1;1;5;5;1;1;3;3;1;"3";"0.934685791317567";"113788.845454545"
"568";13;4;1;3;3;3;5;1;2;1;3;3;1;2;2;2;3;2;1;2;2;;;;1;7;3;3;3;4;2;2;"3";"0.934685791317567";"113788.845454545"
"569";13;4;1;3;3;3;5;3;3;1;1;5;1;2;1;3;3;5;1;2;1;1;2;2;1;6;5;2;3;4;3;1;"3";"0.934685791317567";"113788.845454545"
"570";19;4;1;1;1;1;6;1;2;2;1;2;1;2;2;2;1;2;5;2;1;1;1;2;1;4;6;97;3;2;4;97;"3";"0.934685791317567";"113788.845454545"
"571";13;4;1;3;3;97;5;3;1;1;97;5;97;2;2;3;3;5;1;1;97;97;97;97;1;7;5;97;3;4;3;97;"3";"0.934685791317567";"113788.845454545"
"572";13;4;1;2;3;3;2;2;1;1;1;2;1;2;1;2;3;3;6;1;1;1;1;2;1;2;5;2;2;1;3;1;"3";"0.934685791317567";"113788.845454545"
"573";19;4;1;3;3;3;97;1;3;1;2;5;1;2;2;3;3;5;3;1;1;2;2;2;1;7;5;97;3;4;3;97;"3";"0.934685791317567";"113788.845454545"
"574";19;4;1;1;1;1;1;2;3;1;1;4;1;2;1;1;3;5;6;2;97;97;2;97;1;7;6;5;2;4;4;3;"3";"0.934685791317567";"113788.845454545"
"575";19;4;1;3;3;2;5;4;3;1;2;4;1;1;2;2;2;3;6;97;1;2;1;97;1;6;4;2;2;4;2;1;"3";"0.934685791317567";"113788.845454545"
"576";19;4;1;3;3;1;4;1;3;1;1;5;1;2;2;3;2;5;11;2;1;2;1;1;1;5;5;2;1;3;3;1;"3";"0.934685791317567";"113788.845454545"
"577";19;4;1;3;2;3;3;2;3;1;1;3;2;2;1;2;3;3;6;2;1;2;2;1;1;6;5;2;2;4;3;1;"3";"0.934685791317567";"113788.845454545"
"578";19;4;1;3;3;3;4;2;3;1;1;5;1;2;1;3;3;5;1;2;1;2;2;1;1;3;4;3;3;1;2;2;"3";"0.934685791317567";"113788.845454545"
"579";19;4;1;3;3;1;4;1;3;2;97;4;1;97;2;3;3;4;1;2;1;2;2;1;1;5;5;1;3;3;3;1;"3";"0.934685791317567";"113788.845454545"
"580";19;4;1;3;3;1;5;2;3;1;1;3;1;2;2;3;3;3;1;2;1;1;2;1;1;6;5;2;3;4;3;1;"3";"0.934685791317567";"113788.845454545"
"581";19;4;1;2;2;3;4;4;97;1;3;5;1;2;2;3;3;5;1;2;1;1;1;1;1;6;5;2;3;4;3;1;"3";"0.934685791317567";"113788.845454545"
"582";19;4;1;3;3;2;5;2;3;2;3;5;1;2;2;3;3;5;6;2;1;2;2;2;1;3;5;2;2;1;3;1;"3";"0.934685791317567";"113788.845454545"
"583";19;4;1;2;3;1;4;2;3;1;1;4;2;2;1;3;2;3;1;2;1;1;2;1;1;3;5;97;3;1;3;97;"3";"0.934685791317567";"113788.845454545"
"584";19;4;1;3;3;1;5;2;1;1;1;4;1;2;2;3;2;3;3;2;1;2;2;1;1;7;4;2;3;4;2;1;"3";"0.934685791317567";"113788.845454545"
"585";13;4;1;1;3;1;4;4;3;1;3;5;1;2;1;3;3;5;1;2;1;1;2;2;1;4;5;2;3;2;3;1;"3";"0.934685791317567";"113788.845454545"
"586";13;4;1;3;3;3;4;4;97;97;2;4;1;2;2;3;2;4;1;2;1;1;2;1;1;6;2;1;3;4;1;1;"3";"0.934685791317567";"113788.845454545"
"587";13;4;1;2;3;1;5;3;1;1;2;2;1;2;1;2;1;2;5;2;1;2;2;1;1;4;5;1;3;2;3;1;"3";"0.934685791317567";"113788.845454545"
"588";13;4;1;3;2;3;4;4;3;2;1;3;1;2;2;2;2;2;1;2;1;2;2;2;1;7;6;3;3;4;4;2;"3";"0.934685791317567";"113788.845454545"
"589";13;4;1;2;2;2;1;4;2;1;1;4;1;2;1;3;2;3;97;1;1;2;1;1;1;3;5;2;97;1;3;1;"3";"0.934685791317567";"113788.845454545"
"590";13;4;1;3;3;2;1;4;97;1;2;5;2;2;1;3;3;5;1;2;1;1;1;1;1;6;5;3;3;4;3;2;"3";"0.934685791317567";"113788.845454545"
"591";13;4;1;2;2;97;1;4;1;3;1;3;1;2;2;2;1;2;3;2;1;97;2;1;1;4;2;2;3;2;1;1;"3";"0.934685791317567";"113788.845454545"
"592";13;4;1;2;2;3;1;1;2;1;1;2;1;1;1;1;1;2;6;2;1;1;1;1;1;4;5;1;2;2;3;1;"3";"0.934685791317567";"113788.845454545"
"593";19;4;1;3;3;3;4;2;3;3;1;3;1;2;2;2;2;3;1;2;2;;;;1;4;4;2;3;2;2;1;"3";"0.934685791317567";"113788.845454545"
"594";19;4;1;3;3;97;4;3;2;1;97;5;1;2;2;2;2;3;9;2;1;1;1;1;1;7;4;2;1;4;2;1;"3";"0.934685791317567";"113788.845454545"
"595";19;4;1;3;3;1;4;1;2;1;1;3;1;2;2;3;3;3;3;1;1;2;1;1;1;4;6;2;3;2;4;1;"3";"0.934685791317567";"113788.845454545"
"596";8;4;1;2;2;2;5;2;2;1;1;3;2;2;1;2;3;4;1;2;2;;;;1;2;5;2;3;1;3;1;"3";"0.934685791317567";"113788.845454545"
"597";8;4;1;3;3;3;5;4;3;1;2;4;1;2;2;3;3;5;2;2;2;;;;1;5;5;2;3;3;3;1;"3";"0.934685791317567";"113788.845454545"
"598";8;4;1;3;3;3;4;4;3;1;3;5;1;2;2;3;2;4;4;2;1;1;1;2;1;6;3;1;3;4;2;1;"3";"0.934685791317567";"113788.845454545"
"599";8;4;1;2;2;2;5;4;97;1;1;3;1;2;1;2;2;3;1;2;2;;;;1;7;2;3;3;4;1;2;"3";"0.934685791317567";"113788.845454545"
"600";8;4;1;3;3;3;2;4;97;2;1;5;1;2;2;3;3;5;97;97;1;2;1;1;1;7;5;97;97;4;3;97;"3";"0.934685791317567";"113788.845454545"
"601";13;4;1;2;2;1;1;2;2;97;2;5;1;2;1;1;2;3;7;2;97;1;2;2;1;5;5;2;2;3;3;1;"3";"0.934685791317567";"113788.845454545"
"602";13;4;1;3;3;2;1;3;3;1;1;4;1;2;2;3;3;3;6;1;1;1;2;1;1;3;5;2;2;1;3;1;"3";"0.934685791317567";"113788.845454545"
"603";13;4;1;3;3;1;1;3;97;1;1;5;1;2;2;3;3;3;6;1;1;2;1;1;1;4;5;2;2;2;3;1;"3";"0.934685791317567";"113788.845454545"
"604";25;4;1;3;3;3;4;2;2;1;1;3;1;2;2;3;3;4;1;2;2;;;;1;5;5;1;3;3;3;1;"3";"0.934685791317567";"113788.845454545"
"605";25;4;1;2;2;1;4;2;2;2;2;3;1;2;1;2;1;2;1;2;1;1;2;2;1;5;2;1;3;3;1;1;"3";"0.934685791317567";"113788.845454545"
"606";25;4;1;3;3;3;1;2;97;1;97;2;1;2;1;2;2;2;2;2;1;1;2;97;1;6;5;3;3;4;3;2;"3";"0.934685791317567";"113788.845454545"
"607";25;4;1;3;3;1;1;2;2;1;1;3;1;2;1;2;2;2;6;2;2;;;;1;4;2;1;2;2;1;1;"3";"0.934685791317567";"113788.845454545"
"608";25;4;1;3;2;3;1;2;97;1;1;3;1;2;1;2;2;97;1;2;1;1;2;97;1;6;4;3;3;4;2;2;"3";"0.934685791317567";"113788.845454545"
"609";25;4;1;2;3;1;4;4;2;97;3;5;1;2;1;3;3;3;5;1;1;2;2;1;1;7;2;2;3;4;1;1;"3";"0.934685791317567";"113788.845454545"
"610";25;4;1;2;2;1;3;1;3;1;1;4;1;1;1;3;3;3;1;2;1;2;2;1;1;4;5;2;3;2;3;1;"3";"0.934685791317567";"113788.845454545"
"611";25;4;1;2;3;2;3;1;3;1;1;4;1;2;2;2;2;3;1;2;1;1;1;2;1;3;5;2;3;1;3;1;"3";"0.934685791317567";"113788.845454545"
"612";25;4;1;3;3;2;5;2;1;1;3;5;1;2;2;3;3;5;1;1;1;1;1;2;1;4;5;1;3;2;3;1;"3";"0.934685791317567";"113788.845454545"
"613";25;4;1;2;2;2;3;1;97;1;1;5;1;2;2;2;2;3;5;2;1;2;2;1;1;4;6;1;3;2;4;1;"3";"0.934685791317567";"113788.845454545"
"614";25;4;1;3;3;3;4;3;3;2;3;5;1;2;2;2;2;3;1;2;2;;;;1;6;5;97;3;4;3;97;"3";"0.934685791317567";"113788.845454545"
"615";25;4;1;3;3;2;1;2;3;1;1;4;2;2;2;2;2;5;1;2;1;2;2;1;1;3;5;1;3;1;3;1;"3";"0.934685791317567";"113788.845454545"
"616";25;4;1;3;3;2;1;2;97;1;1;5;1;2;1;3;3;5;2;97;1;2;2;1;1;4;5;3;3;2;3;2;"3";"0.934685791317567";"113788.845454545"
"617";25;4;1;2;3;1;1;2;3;1;1;3;1;2;1;2;2;3;8;2;1;2;2;2;1;2;5;1;2;1;3;1;"3";"0.934685791317567";"113788.845454545"
"618";25;4;1;2;3;2;1;2;3;2;1;4;1;2;1;2;3;4;6;2;1;1;2;2;1;2;6;1;2;1;4;1;"3";"0.934685791317567";"113788.845454545"
"619";25;4;1;2;3;2;5;2;3;1;1;3;1;1;1;3;3;4;6;2;1;1;2;1;1;3;6;1;2;1;4;1;"3";"0.934685791317567";"113788.845454545"
"620";25;4;1;3;3;97;1;4;97;2;1;3;1;2;2;2;97;2;3;2;1;2;1;2;1;4;4;1;3;2;2;1;"3";"0.934685791317567";"113788.845454545"
"621";25;4;1;3;3;3;1;4;2;1;2;5;97;2;1;2;3;5;1;2;1;2;2;1;1;6;5;2;3;4;3;1;"3";"0.934685791317567";"113788.845454545"
"622";25;4;1;3;3;2;3;3;2;1;1;4;1;2;1;3;3;4;1;2;1;1;97;1;1;7;4;3;3;4;2;2;"3";"0.934685791317567";"113788.845454545"
"623";25;4;1;2;3;1;2;2;3;1;1;4;1;1;2;2;2;3;8;2;2;;;;1;4;5;3;2;2;3;2;"3";"0.934685791317567";"113788.845454545"
"624";25;4;1;3;3;2;3;2;3;1;1;2;1;1;2;3;2;3;5;2;1;2;1;1;1;4;5;97;3;2;3;97;"3";"0.934685791317567";"113788.845454545"
"625";25;4;1;3;3;3;5;2;1;1;1;5;1;2;2;3;3;4;5;2;1;2;1;1;1;3;5;2;3;1;3;1;"3";"0.934685791317567";"113788.845454545"
"626";25;4;1;2;2;2;2;4;97;3;1;5;1;2;2;3;3;5;1;2;1;2;2;1;1;6;2;2;3;4;1;1;"3";"0.934685791317567";"113788.845454545"
"627";25;4;1;1;2;1;5;1;3;3;1;3;1;2;2;3;2;3;6;2;1;1;2;1;1;4;4;3;2;2;2;2;"3";"0.934685791317567";"113788.845454545"
"628";25;4;1;3;3;2;1;1;2;1;2;5;1;2;1;3;3;5;1;1;1;1;1;2;1;6;6;3;3;4;4;2;"3";"0.934685791317567";"113788.845454545"
"629";25;4;1;2;3;3;4;4;97;1;1;5;1;2;1;1;1;2;1;2;2;;;;1;7;5;5;3;4;3;3;"3";"0.934685791317567";"113788.845454545"
"630";25;4;1;2;3;2;5;2;1;1;1;3;1;2;2;2;2;3;3;2;1;1;2;1;1;5;5;1;3;3;3;1;"3";"0.934685791317567";"113788.845454545"
"631";25;4;1;3;2;1;5;2;3;1;1;5;1;1;2;2;1;3;1;2;2;;;;1;3;5;2;3;1;3;1;"3";"0.934685791317567";"113788.845454545"
"632";25;4;1;3;3;3;4;2;97;1;2;3;1;2;2;2;2;3;6;2;1;1;1;1;1;6;3;2;2;4;2;1;"3";"0.934685791317567";"113788.845454545"
"633";25;4;1;2;3;2;2;4;97;3;2;3;1;2;1;2;2;2;9;2;2;;;;1;4;4;2;1;2;2;1;"3";"0.934685791317567";"113788.845454545"
"634";25;4;1;3;3;3;4;1;3;1;1;5;1;1;2;3;3;5;1;2;1;1;2;1;1;3;6;2;3;1;4;1;"3";"0.934685791317567";"113788.845454545"
"635";25;4;1;1;2;97;4;3;3;1;1;3;2;2;2;3;2;3;1;2;1;1;1;2;1;6;5;2;3;4;3;1;"3";"0.934685791317567";"113788.845454545"
"636";25;4;1;1;2;3;5;4;3;1;1;5;1;2;1;3;3;5;1;2;1;2;2;2;1;4;6;2;3;2;4;1;"3";"0.934685791317567";"113788.845454545"
"637";25;4;1;2;3;1;2;2;2;1;1;3;2;2;1;3;2;3;1;2;1;2;2;1;1;3;6;1;3;1;4;1;"3";"0.934685791317567";"113788.845454545"
"638";25;4;1;2;2;1;5;4;2;3;2;3;1;2;2;2;2;3;3;2;1;1;2;1;1;1;4;1;3;1;2;1;"3";"0.934685791317567";"113788.845454545"
"639";25;4;1;3;2;1;5;2;97;1;1;3;1;1;1;3;2;5;6;2;2;;;;1;7;3;2;2;4;2;1;"3";"0.934685791317567";"113788.845454545"
"640";25;4;1;3;3;3;4;1;3;1;1;5;1;2;2;3;3;5;1;2;2;;;;1;4;5;2;3;2;3;1;"3";"0.934685791317567";"113788.845454545"
"641";25;4;1;1;1;1;4;2;97;1;1;5;2;2;2;2;1;3;9;1;1;1;1;1;1;5;5;1;1;3;3;1;"3";"0.934685791317567";"113788.845454545"
"642";25;4;1;3;3;1;4;2;3;2;1;4;1;2;2;3;3;4;5;1;2;;;;1;3;5;2;3;1;3;1;"3";"0.934685791317567";"113788.845454545"
"643";25;4;1;2;1;2;1;4;1;3;1;3;1;2;1;2;1;3;10;2;1;1;1;1;1;2;5;1;1;1;3;1;"3";"0.934685791317567";"113788.845454545"
"644";25;4;1;3;3;1;2;2;1;1;1;5;1;2;2;3;3;4;1;2;2;;;;1;2;5;2;3;1;3;1;"3";"0.934685791317567";"113788.845454545"
"645";25;4;1;2;3;3;1;1;3;1;2;3;2;2;1;97;2;4;1;2;2;;;;1;1;5;1;3;1;3;1;"3";"0.934685791317567";"113788.845454545"
"646";25;4;1;2;2;3;4;2;3;1;1;5;1;2;2;3;3;4;1;2;2;;;;1;4;5;3;3;2;3;2;"3";"0.934685791317567";"113788.845454545"
"647";25;4;1;3;2;97;5;4;97;2;1;2;1;2;2;97;97;2;3;2;2;;;;1;5;2;2;3;3;1;1;"3";"0.934685791317567";"113788.845454545"
"648";25;4;1;3;3;1;2;3;97;1;1;3;97;2;1;3;1;2;6;2;2;;;;1;5;5;1;2;3;3;1;"3";"0.934685791317567";"113788.845454545"
"649";25;4;1;2;2;2;4;2;1;2;1;3;1;2;1;3;2;3;4;2;2;;;;1;5;5;2;3;3;3;1;"3";"0.934685791317567";"113788.845454545"
"650";25;4;1;3;3;3;5;1;3;1;2;5;97;2;2;3;3;5;1;1;1;2;97;1;1;6;5;2;3;4;3;1;"3";"0.934685791317567";"113788.845454545"
"651";25;4;1;1;2;3;4;1;2;1;1;5;1;2;2;2;2;3;4;1;1;2;1;1;1;6;5;3;3;4;3;2;"3";"0.934685791317567";"113788.845454545"
"652";25;4;1;3;3;1;5;4;1;3;3;5;2;2;1;2;3;4;1;1;2;;;;1;7;2;2;3;4;1;1;"3";"0.934685791317567";"113788.845454545"
"653";25;4;1;2;3;1;4;2;97;3;2;2;1;1;1;1;2;1;6;2;1;1;2;2;1;4;5;1;2;2;3;1;"3";"0.934685791317567";"113788.845454545"
"654";25;4;1;2;3;2;1;2;3;1;1;3;1;2;2;2;2;2;6;2;1;2;1;2;1;1;5;1;2;1;3;1;"3";"0.934685791317567";"113788.845454545"
"655";25;4;1;2;2;1;2;2;2;1;1;3;1;1;1;3;2;3;1;2;1;1;1;1;1;3;5;2;3;1;3;1;"3";"0.934685791317567";"113788.845454545"
"656";13;4;2;3;3;3;4;1;1;1;1;5;1;2;1;3;3;4;6;1;2;;;;1;7;7;2;2;4;4;1;"1";"0.143681983595958";"17491.875"
"657";19;4;2;3;3;3;6;1;97;97;1;1;1;2;2;2;2;2;9;2;97;1;1;97;1;6;7;3;1;4;4;2;"1";"0.143681983595958";"17491.875"
"658";25;4;2;3;2;3;2;2;97;3;97;5;97;97;1;3;3;4;1;2;2;;;;1;4;7;97;3;2;4;97;"1";"0.143681983595958";"17491.875"
"659";25;4;2;2;3;3;5;2;3;1;1;2;1;2;1;2;1;3;9;1;1;1;1;1;1;5;7;1;1;3;4;1;"1";"0.143681983595958";"17491.875"
"660";25;4;2;3;3;3;3;3;97;1;97;3;1;1;2;2;2;4;1;1;1;1;1;2;1;6;7;3;3;4;4;2;"1";"0.143681983595958";"17491.875"
"661";25;4;2;3;3;3;1;97;3;2;3;5;1;2;2;3;3;5;1;2;1;2;97;1;1;7;7;3;3;4;4;2;"1";"0.143681983595958";"17491.875"
"662";25;4;2;2;3;3;2;2;97;1;1;3;1;2;2;2;1;3;5;1;1;1;1;1;1;5;7;3;3;3;4;2;"1";"0.143681983595958";"17491.875"
"663";25;4;2;2;2;1;4;1;3;1;1;4;1;2;2;2;2;3;6;1;1;1;1;1;1;6;7;1;2;4;4;1;"1";"0.143681983595958";"17491.875"
"664";25;4;2;3;3;2;4;1;3;1;3;3;1;2;1;2;2;3;6;1;2;;;;1;5;7;1;2;3;4;1;"2";"9.80816437053124";"1194048"
"665";25;4;1;3;3;3;6;1;97;1;1;5;1;2;2;2;3;4;6;2;1;2;2;1;1;5;7;97;2;3;4;97;"3";"0.527652665843697";"64236.546875"
"666";25;4;1;2;3;3;5;2;97;1;1;3;1;2;1;3;3;4;4;2;1;2;1;1;1;7;7;3;3;4;4;2;"3";"0.527652665843697";"64236.546875"
"667";25;4;1;3;2;3;4;1;2;2;3;5;1;2;2;3;3;5;1;2;1;1;1;1;1;7;7;4;3;4;4;3;"3";"0.527652665843697";"64236.546875"
"668";13;4;1;3;1;1;6;3;1;2;1;3;97;2;2;3;2;2;6;2;1;1;1;2;1;5;7;5;2;3;4;3;"3";"0.527652665843697";"64236.546875"
"669";13;4;1;3;3;2;4;2;3;1;2;4;1;2;2;3;2;3;4;2;1;2;1;1;1;5;7;3;3;3;4;2;"3";"0.527652665843697";"64236.546875"
"670";13;4;1;3;3;1;3;2;2;1;1;5;1;1;2;3;2;5;6;1;1;2;1;2;1;3;7;3;2;1;4;2;"3";"0.527652665843697";"64236.546875"
"671";13;4;1;2;3;2;6;2;3;1;1;5;1;1;2;3;3;5;1;2;1;2;2;1;1;4;7;4;3;2;4;3;"3";"0.527652665843697";"64236.546875"
"672";13;4;1;3;3;3;3;1;1;1;1;4;1;2;1;3;2;3;6;2;1;1;2;1;1;6;7;4;2;4;4;3;"3";"0.527652665843697";"64236.546875"
"673";13;4;1;3;3;1;1;3;97;1;1;5;1;2;1;3;2;3;7;2;1;2;1;1;1;4;7;2;2;2;4;1;"3";"0.527652665843697";"64236.546875"
"674";13;4;1;1;3;2;4;2;3;2;1;5;2;2;1;3;3;5;11;2;1;1;2;2;1;3;7;4;1;1;4;3;"3";"0.527652665843697";"64236.546875"
"675";13;4;1;3;2;2;6;2;1;1;1;5;1;2;2;2;2;3;4;2;1;2;2;2;1;6;7;4;3;4;4;3;"3";"0.527652665843697";"64236.546875"
"676";19;4;1;3;3;3;6;1;1;1;3;5;97;2;1;3;3;5;1;2;1;2;1;2;1;7;7;4;3;4;4;3;"3";"0.527652665843697";"64236.546875"
"677";19;4;1;3;3;1;6;1;3;1;1;4;1;2;2;3;3;4;1;1;1;2;2;1;1;6;7;3;3;4;4;2;"3";"0.527652665843697";"64236.546875"
"678";19;4;1;3;3;1;1;2;1;2;1;2;1;2;1;2;2;3;11;2;1;2;1;1;1;3;7;1;1;1;4;1;"3";"0.527652665843697";"64236.546875"
"679";19;4;1;3;2;3;6;1;3;1;1;5;1;2;1;3;3;5;1;2;1;2;2;2;1;6;7;5;3;4;4;3;"3";"0.527652665843697";"64236.546875"
"680";19;4;1;2;3;2;3;2;3;1;1;4;1;2;2;3;3;4;1;2;1;2;2;1;1;4;7;1;3;2;4;1;"3";"0.527652665843697";"64236.546875"
"681";19;4;1;2;2;3;6;2;2;1;1;3;1;2;2;2;2;3;6;2;1;1;1;1;1;3;7;3;2;1;4;2;"3";"0.527652665843697";"64236.546875"
"682";19;4;1;2;3;2;4;4;3;1;3;5;1;2;2;2;3;3;1;2;2;;;;1;6;7;2;3;4;4;1;"3";"0.527652665843697";"64236.546875"
"683";19;4;1;2;3;2;4;3;3;2;1;4;1;2;2;2;1;3;6;1;1;2;2;2;1;4;7;3;2;2;4;2;"3";"0.527652665843697";"64236.546875"
"684";13;4;1;1;1;2;4;1;1;1;2;5;1;2;1;3;3;5;1;2;1;2;2;1;1;7;7;5;3;4;4;3;"3";"0.527652665843697";"64236.546875"
"685";13;4;1;3;3;2;3;2;3;1;1;4;1;2;2;3;3;4;3;2;1;2;1;1;1;4;7;1;3;2;4;1;"3";"0.527652665843697";"64236.546875"
"686";13;4;1;2;3;3;4;1;3;1;1;4;1;1;1;3;3;3;8;1;1;2;1;2;1;4;7;4;2;2;4;3;"3";"0.527652665843697";"64236.546875"
"687";13;4;1;3;3;3;5;2;3;1;3;5;1;2;2;3;2;4;6;1;1;2;1;1;1;7;7;3;2;4;4;2;"3";"0.527652665843697";"64236.546875"
"688";19;4;1;1;2;1;5;3;3;1;1;2;1;2;2;3;3;4;1;2;1;1;2;1;1;5;7;3;3;3;4;2;"3";"0.527652665843697";"64236.546875"
"689";19;4;1;3;3;97;4;2;97;1;1;4;1;2;2;3;3;4;1;2;1;2;2;1;1;6;7;3;3;4;4;2;"3";"0.527652665843697";"64236.546875"
"690";19;4;1;2;2;2;6;1;97;1;3;3;1;2;2;2;2;3;6;1;2;;;;1;5;7;3;2;3;4;2;"3";"0.527652665843697";"64236.546875"
"691";19;4;1;3;3;3;1;2;3;1;1;5;1;2;2;3;3;5;1;2;1;2;1;1;1;5;7;4;3;3;4;3;"3";"0.527652665843697";"64236.546875"
"692";8;4;1;2;3;3;4;1;3;1;1;5;1;2;2;3;3;5;4;2;1;2;1;1;1;7;7;3;3;4;4;2;"3";"0.527652665843697";"64236.546875"
"693";8;4;1;3;3;1;4;2;2;1;1;3;1;2;2;2;2;3;10;2;1;2;1;1;1;5;7;3;1;3;4;2;"3";"0.527652665843697";"64236.546875"
"694";8;4;1;2;2;2;4;3;3;1;1;3;1;2;1;2;2;3;6;1;1;2;1;1;1;5;7;3;2;3;4;2;"3";"0.527652665843697";"64236.546875"
"695";8;4;1;3;2;3;3;1;3;1;1;3;1;2;1;2;3;3;7;2;2;;;;1;5;7;4;2;3;4;3;"3";"0.527652665843697";"64236.546875"
"696";13;4;1;2;3;3;3;1;1;1;1;2;1;1;2;2;2;3;8;1;1;1;2;2;1;7;7;4;2;4;4;3;"3";"0.527652665843697";"64236.546875"
"697";25;4;1;3;3;1;4;1;3;1;1;4;1;2;1;3;3;4;4;2;1;2;1;2;1;3;7;4;3;1;4;3;"3";"0.527652665843697";"64236.546875"
"698";25;4;1;3;3;3;4;1;3;1;1;5;1;2;1;3;3;5;1;2;1;2;1;2;1;6;7;4;3;4;4;3;"3";"0.527652665843697";"64236.546875"
"699";25;4;1;3;3;3;4;1;97;97;97;5;1;2;2;3;3;5;1;2;1;2;1;1;1;5;7;3;3;3;4;2;"3";"0.527652665843697";"64236.546875"
"700";25;4;1;3;3;3;4;1;1;1;2;5;1;2;1;3;3;5;1;2;1;2;97;1;1;7;7;4;3;4;4;3;"3";"0.527652665843697";"64236.546875"
"701";25;4;1;1;3;3;1;4;3;3;1;3;1;2;1;2;2;3;6;2;2;;;;1;5;7;2;2;3;4;1;"3";"0.527652665843697";"64236.546875"
"702";25;4;1;3;3;2;5;1;3;1;2;5;1;1;2;3;2;3;6;2;1;2;2;2;1;6;7;97;2;4;4;97;"3";"0.527652665843697";"64236.546875"
"703";25;4;1;2;3;1;5;1;3;1;3;4;2;2;2;3;2;4;7;2;1;2;2;1;1;4;7;2;2;2;4;1;"3";"0.527652665843697";"64236.546875"
"704";25;4;1;3;3;3;2;1;97;1;1;5;1;1;2;3;3;5;1;1;1;1;97;1;1;6;7;1;3;4;4;1;"3";"0.527652665843697";"64236.546875"
"705";25;4;1;3;3;3;5;1;3;2;3;5;1;2;2;3;3;5;1;2;1;2;1;1;1;7;7;3;3;4;4;2;"3";"0.527652665843697";"64236.546875"
"706";25;4;1;3;3;1;1;2;3;1;1;5;1;2;2;3;3;4;1;2;1;2;2;1;1;5;7;1;3;3;4;1;"3";"0.527652665843697";"64236.546875"
"707";25;4;1;3;3;1;6;2;2;1;1;3;1;2;1;3;2;3;6;2;1;2;2;2;1;7;7;3;2;4;4;2;"3";"0.527652665843697";"64236.546875"
"708";25;4;1;3;3;1;1;3;2;2;1;5;1;2;1;3;2;3;6;2;2;;;;1;3;7;2;2;1;4;1;"3";"0.527652665843697";"64236.546875"
"709";25;4;1;3;3;3;4;2;3;2;2;5;1;2;1;3;3;5;1;2;2;;;;1;4;7;1;3;2;4;1;"3";"0.527652665843697";"64236.546875"
"710";25;4;1;3;3;3;6;2;1;1;1;5;2;2;1;3;2;4;1;2;1;1;1;97;1;4;7;2;3;2;4;1;"3";"0.527652665843697";"64236.546875"
"711";25;4;1;3;2;97;4;2;97;1;2;4;1;2;2;3;2;4;2;1;1;2;2;2;1;5;7;4;3;3;4;3;"3";"0.527652665843697";"64236.546875"
"712";25;4;1;3;3;2;1;1;3;1;1;5;1;2;1;3;3;5;1;2;1;2;1;1;1;5;7;3;3;3;4;2;"3";"0.527652665843697";"64236.546875"
"713";25;4;1;2;3;2;3;2;2;1;2;4;1;2;2;3;3;4;97;2;1;2;1;1;1;4;7;4;97;2;4;3;"3";"0.527652665843697";"64236.546875"
"714";25;4;1;3;3;2;4;2;2;1;1;5;1;2;1;3;3;5;2;2;1;2;2;1;1;4;7;2;3;2;4;1;"3";"0.527652665843697";"64236.546875"
"715";25;4;1;3;3;1;3;2;3;2;2;2;1;2;2;2;2;3;1;2;1;2;2;1;1;5;7;3;3;3;4;2;"3";"0.527652665843697";"64236.546875"
"716";25;4;1;3;3;97;5;2;3;1;1;5;1;2;2;3;2;4;6;2;1;1;97;1;1;4;7;2;2;2;4;1;"3";"0.527652665843697";"64236.546875"
"717";25;4;1;2;3;1;6;1;2;1;3;5;1;2;2;3;3;5;6;2;1;2;2;1;1;3;7;3;2;1;4;2;"3";"0.527652665843697";"64236.546875"
"718";25;4;1;2;3;3;2;1;3;1;1;4;2;2;2;3;3;5;1;2;1;1;2;1;1;4;7;4;3;2;4;3;"3";"0.527652665843697";"64236.546875"
"719";25;4;1;3;3;1;1;1;3;1;1;4;2;2;1;3;2;4;6;2;1;1;1;2;1;4;7;1;2;2;4;1;"3";"0.527652665843697";"64236.546875"
"720";25;4;1;3;2;3;3;1;1;1;1;5;1;1;1;2;3;5;1;2;1;2;1;1;1;3;7;4;3;1;4;3;"3";"0.527652665843697";"64236.546875"
"721";25;4;1;3;3;3;4;1;1;1;1;5;1;1;1;3;3;5;1;1;1;2;1;1;1;4;7;2;3;2;4;1;"3";"0.527652665843697";"64236.546875"
"722";25;4;1;2;3;1;5;2;1;1;1;4;1;2;1;3;3;4;6;1;1;2;2;1;1;7;7;3;2;4;4;2;"3";"0.527652665843697";"64236.546875"
"723";25;4;1;2;3;3;1;1;3;1;1;5;1;2;1;3;3;5;1;1;1;2;1;1;1;4;7;2;3;2;4;1;"3";"0.527652665843697";"64236.546875"
"724";25;4;1;97;97;3;97;3;97;97;97;5;97;2;2;3;3;5;1;97;1;1;97;1;1;7;7;97;3;4;4;97;"3";"0.527652665843697";"64236.546875"
"725";25;4;1;3;3;1;2;2;3;1;1;3;1;2;2;2;2;2;6;2;1;2;2;1;1;4;7;3;2;2;4;2;"3";"0.527652665843697";"64236.546875"
"726";25;4;1;2;2;3;1;1;97;1;1;5;1;2;2;3;3;5;6;1;1;2;1;1;1;4;7;3;2;2;4;2;"3";"0.527652665843697";"64236.546875"
"727";25;4;1;3;2;3;1;2;3;1;1;5;1;2;1;3;3;5;3;2;1;2;1;2;1;5;7;97;3;3;4;97;"3";"0.527652665843697";"64236.546875"
"728";25;4;1;3;3;3;4;2;3;3;3;5;1;2;1;3;3;5;3;2;1;1;2;1;1;7;7;4;3;4;4;3;"3";"0.527652665843697";"64236.546875"
"729";13;4;2;3;3;3;6;4;3;2;3;5;2;2;2;3;3;5;1;2;1;1;2;1;2;7;2;3;3;4;1;2;"1";"0.888279352404545";"108139.315789474"
"730";19;4;2;3;3;3;5;97;97;97;1;5;1;2;2;3;2;5;2;97;97;97;2;1;2;7;2;2;3;4;1;1;"1";"0.888279352404545";"108139.315789474"
"731";19;4;2;3;3;97;1;4;1;1;2;3;2;2;2;3;2;3;5;2;2;;;;2;3;2;1;3;1;1;1;"1";"0.888279352404545";"108139.315789474"
"732";19;4;2;3;3;2;4;4;2;1;1;3;1;2;1;3;2;3;6;1;1;1;1;2;2;4;3;2;2;2;2;1;"1";"0.888279352404545";"108139.315789474"
"733";19;4;2;3;3;1;5;4;97;1;1;3;97;2;1;1;1;2;9;97;1;97;97;97;2;6;2;2;1;4;1;1;"1";"0.888279352404545";"108139.315789474"
"734";19;4;2;3;3;1;1;2;3;1;1;3;1;2;1;1;1;2;6;2;1;1;1;1;2;4;5;2;2;2;3;1;"1";"0.888279352404545";"108139.315789474"
"735";13;4;2;1;1;1;6;1;3;1;1;5;1;2;1;3;3;4;3;2;1;2;2;1;2;6;6;4;3;4;4;3;"1";"0.888279352404545";"108139.315789474"
"736";13;4;2;2;2;97;2;4;97;1;2;3;1;2;2;2;2;3;1;1;2;;;;2;7;2;2;3;4;1;1;"1";"0.888279352404545";"108139.315789474"
"737";13;4;2;2;3;3;5;1;1;3;1;3;1;2;2;2;3;3;1;1;1;2;2;1;2;1;4;2;3;1;2;1;"1";"0.888279352404545";"108139.315789474"
"738";13;4;2;3;3;3;4;2;3;1;2;3;1;2;1;2;2;3;1;1;1;1;2;1;2;6;5;3;3;4;3;2;"1";"0.888279352404545";"108139.315789474"
"739";13;4;2;3;3;97;1;4;97;1;1;4;1;2;2;3;3;3;6;2;2;;;;2;4;2;2;2;2;1;1;"1";"0.888279352404545";"108139.315789474"
"740";25;4;2;3;2;3;4;1;2;2;3;5;1;2;1;2;1;4;11;2;2;;;;2;7;6;3;1;4;4;2;"1";"0.888279352404545";"108139.315789474"
"741";25;4;2;3;3;3;6;2;2;1;1;3;1;2;1;3;3;5;2;2;1;1;2;1;2;4;5;2;3;2;3;1;"1";"0.888279352404545";"108139.315789474"
"742";25;4;2;3;2;3;4;3;2;1;1;4;1;2;1;3;3;5;5;1;1;1;1;1;2;7;5;3;3;4;3;2;"1";"0.888279352404545";"108139.315789474"
"743";25;4;2;1;2;1;4;2;3;1;97;97;1;2;2;3;2;3;6;1;1;1;1;2;2;3;5;2;2;1;3;1;"1";"0.888279352404545";"108139.315789474"
"744";25;4;2;97;3;3;5;2;3;1;1;3;1;2;1;2;2;3;7;2;1;1;2;1;2;7;1;3;2;4;1;2;"1";"0.888279352404545";"108139.315789474"
"745";25;4;2;3;3;3;4;4;3;1;2;5;1;2;1;3;3;4;1;2;1;2;2;1;2;7;2;3;3;4;1;2;"1";"0.888279352404545";"108139.315789474"
"746";25;4;2;1;2;1;5;1;2;1;1;5;2;2;2;3;3;4;3;2;1;2;2;2;2;4;5;2;3;2;3;1;"1";"0.888279352404545";"108139.315789474"
"747";25;4;2;97;97;1;4;2;97;1;97;4;1;2;2;97;3;3;8;97;1;97;97;97;2;6;4;1;2;4;2;1;"1";"0.888279352404545";"108139.315789474"
"748";19;4;2;3;3;3;3;4;97;2;3;5;1;2;2;3;3;5;1;2;1;1;1;1;2;4;5;2;3;2;3;1;"2";"4.84687922871786";"590060.1"
"749";8;4;2;3;1;3;5;4;97;97;3;4;2;2;2;1;1;3;11;2;1;1;97;1;2;7;1;2;1;4;1;1;"2";"4.84687922871786";"590060.1"
"750";19;4;2;2;2;1;1;4;97;2;2;3;2;2;2;1;3;3;6;1;1;2;2;1;2;4;2;1;2;2;1;1;"2";"4.84687922871786";"590060.1"
"751";19;4;2;3;3;1;4;2;3;1;1;3;1;1;1;1;1;1;11;2;2;;;;2;7;3;3;1;4;2;2;"2";"4.84687922871786";"590060.1"
"752";25;4;2;2;3;1;1;1;2;1;1;3;1;2;1;3;2;3;11;2;1;1;2;1;2;4;2;2;1;2;1;1;"2";"4.84687922871786";"590060.1"
"753";25;4;2;2;3;3;5;3;1;97;1;4;1;2;2;3;3;2;1;2;1;1;2;2;2;2;3;2;3;1;2;1;"2";"4.84687922871786";"590060.1"
"754";25;4;2;2;2;3;97;1;1;1;3;5;2;1;2;3;3;3;3;2;1;2;1;2;2;4;3;3;3;2;2;2;"2";"4.84687922871786";"590060.1"
"755";25;4;2;2;3;3;1;2;1;1;3;5;1;2;2;3;3;3;1;1;2;;;;2;4;5;2;3;2;3;1;"2";"4.84687922871786";"590060.1"
"756";25;4;2;2;3;1;1;1;2;2;1;2;1;2;1;2;2;2;7;2;1;2;97;1;2;5;2;2;2;3;1;1;"2";"4.84687922871786";"590060.1"
"757";25;4;2;2;2;1;4;2;3;1;1;5;1;2;2;3;3;3;1;2;1;1;1;2;2;5;5;2;3;3;3;1;"2";"4.84687922871786";"590060.1"
"758";25;4;2;2;3;1;2;2;3;1;1;1;1;2;1;3;2;4;4;2;1;2;1;2;2;3;5;2;3;1;3;1;"2";"4.84687922871786";"590060.1"
"759";25;4;2;2;3;1;5;4;97;97;1;3;1;2;1;2;2;3;6;2;97;2;2;1;2;7;3;97;2;4;2;97;"2";"4.84687922871786";"590060.1"
"760";25;4;2;2;2;1;6;2;3;1;1;3;2;2;2;2;2;3;8;2;1;1;2;1;2;4;3;2;2;2;2;1;"2";"4.84687922871786";"590060.1"
"761";25;4;2;1;3;2;1;2;3;1;1;4;1;2;1;2;3;3;1;2;1;1;1;2;2;4;5;2;3;2;3;1;"2";"4.84687922871786";"590060.1"
"762";25;4;2;3;3;1;4;2;2;1;3;5;1;2;2;3;3;5;1;2;1;1;97;1;2;5;2;4;3;3;1;3;"2";"4.84687922871786";"590060.1"
"763";13;4;2;2;2;1;1;3;1;1;2;3;1;1;1;3;2;1;9;2;1;1;2;1;2;3;5;2;1;1;3;1;"2";"4.84687922871786";"590060.1"
"764";13;4;2;3;3;3;1;1;3;1;2;4;1;2;2;3;3;4;4;2;1;2;97;1;2;4;6;2;3;2;4;1;"2";"4.84687922871786";"590060.1"
"765";13;4;2;3;97;2;2;2;97;97;3;5;2;2;1;3;3;3;9;2;1;1;2;2;2;5;2;2;1;3;1;1;"2";"4.84687922871786";"590060.1"
"766";13;4;2;2;2;1;2;4;3;1;1;5;1;2;2;3;2;3;4;2;1;2;1;2;2;7;2;2;3;4;1;1;"2";"4.84687922871786";"590060.1"
"767";13;4;2;3;3;3;6;1;3;1;1;5;1;2;1;3;3;5;1;1;2;;;;2;6;2;2;3;4;1;1;"2";"4.84687922871786";"590060.1"
"768";8;4;1;3;3;3;4;3;3;1;2;5;1;2;2;3;3;3;6;2;1;2;1;1;2;6;5;3;2;4;3;2;"3";"1.00623709111664";"122499.515789474"
"769";19;4;1;1;1;1;6;1;2;1;1;5;1;2;1;3;2;3;7;2;1;1;2;2;2;7;6;3;2;4;4;2;"3";"1.00623709111664";"122499.515789474"
"770";19;4;1;3;2;3;4;2;2;97;2;5;1;2;2;3;3;5;1;1;1;2;1;1;2;5;5;4;3;3;3;3;"3";"1.00623709111664";"122499.515789474"
"771";19;4;1;3;3;3;5;4;97;2;97;5;1;2;2;3;3;5;1;2;97;1;2;1;2;6;6;97;3;4;4;97;"3";"1.00623709111664";"122499.515789474"
"772";19;4;1;3;3;3;4;1;3;2;3;5;1;2;2;3;3;5;1;2;1;1;1;1;2;5;5;1;3;3;3;1;"3";"1.00623709111664";"122499.515789474"
"773";25;4;1;3;3;3;4;1;3;1;2;5;1;2;1;3;2;3;1;1;1;1;2;1;2;5;2;5;3;3;1;3;"3";"1.00623709111664";"122499.515789474"
"774";25;4;1;1;1;2;5;1;2;1;1;3;1;2;1;2;3;2;7;2;1;1;1;1;2;5;5;3;2;3;3;2;"3";"1.00623709111664";"122499.515789474"
"775";25;4;1;2;3;1;2;3;2;2;1;4;1;2;2;3;3;4;4;2;2;;;;2;2;5;1;3;1;3;1;"3";"1.00623709111664";"122499.515789474"
"776";25;4;1;2;2;2;1;4;3;3;1;5;1;1;1;3;3;5;1;2;1;2;1;1;2;4;5;3;3;2;3;2;"3";"1.00623709111664";"122499.515789474"
"777";25;4;1;3;3;2;3;4;3;3;3;5;1;2;1;3;3;5;1;1;2;;;;2;4;3;97;3;2;2;97;"3";"1.00623709111664";"122499.515789474"
"778";25;4;1;2;3;3;4;3;3;2;1;3;1;2;1;3;3;3;1;2;2;;;;2;5;2;3;3;3;1;2;"3";"1.00623709111664";"122499.515789474"
"779";25;4;1;3;3;3;6;2;3;1;2;5;1;2;2;3;3;5;1;1;1;1;97;2;2;6;5;3;3;4;3;2;"3";"1.00623709111664";"122499.515789474"
"780";25;4;1;2;2;1;5;1;2;1;1;5;1;2;1;3;3;5;3;1;1;1;1;1;2;3;6;3;3;1;4;2;"3";"1.00623709111664";"122499.515789474"
"781";13;4;1;1;3;3;4;1;3;1;2;5;1;2;2;3;3;5;3;2;1;2;1;1;2;6;6;97;3;4;4;97;"3";"1.00623709111664";"122499.515789474"
"782";13;4;1;2;3;3;4;2;3;97;1;5;1;2;2;2;3;4;1;1;1;2;1;1;2;7;6;3;3;4;4;2;"3";"1.00623709111664";"122499.515789474"
"783";13;4;1;3;3;97;1;1;2;1;1;3;1;2;2;2;3;3;1;2;1;2;1;1;2;6;5;1;3;4;3;1;"3";"1.00623709111664";"122499.515789474"
"784";13;4;1;2;3;1;6;1;2;2;1;5;1;2;1;2;3;3;4;2;1;2;1;1;2;1;3;1;3;1;2;1;"3";"1.00623709111664";"122499.515789474"
"785";13;4;1;2;2;97;6;2;3;3;1;5;1;2;2;3;2;3;4;2;1;1;1;1;2;3;5;2;3;1;3;1;"3";"1.00623709111664";"122499.515789474"
"786";13;4;1;2;2;1;6;2;3;1;1;3;1;1;2;3;3;4;4;2;1;1;2;1;2;4;5;3;3;2;3;2;"3";"1.00623709111664";"122499.515789474"
"787";13;4;1;2;2;2;4;1;2;1;1;3;1;2;2;2;2;3;8;2;1;2;2;2;2;5;6;5;2;3;4;3;"3";"1.00623709111664";"122499.515789474"
"788";13;4;1;3;2;1;4;2;1;1;1;5;2;2;2;2;2;4;1;1;1;2;2;2;2;3;5;2;3;1;3;1;"3";"1.00623709111664";"122499.515789474"
"789";13;4;1;3;2;2;5;1;3;1;3;5;1;2;2;3;2;4;1;1;1;2;2;2;2;5;5;4;3;3;3;3;"3";"1.00623709111664";"122499.515789474"
"790";13;4;1;3;3;1;5;1;3;1;1;2;1;2;1;2;1;2;5;1;1;1;2;1;2;5;5;2;3;3;3;1;"3";"1.00623709111664";"122499.515789474"
"791";13;4;1;3;3;1;4;4;1;1;1;4;1;2;2;3;3;5;6;2;1;2;2;1;2;6;3;3;2;4;2;2;"3";"1.00623709111664";"122499.515789474"
"792";19;4;1;2;3;3;2;2;3;1;1;4;1;2;2;3;3;3;4;2;1;1;2;2;2;4;5;2;3;2;3;1;"3";"1.00623709111664";"122499.515789474"
"793";19;4;1;1;2;1;4;3;3;1;2;3;1;2;1;2;3;3;6;2;1;1;97;1;2;7;5;4;2;4;3;3;"3";"1.00623709111664";"122499.515789474"
"794";19;4;1;3;3;1;4;1;2;2;1;4;1;2;2;3;3;2;6;2;1;2;1;2;2;4;5;2;2;2;3;1;"3";"1.00623709111664";"122499.515789474"
"795";19;4;1;1;3;1;6;2;1;1;1;5;1;2;2;3;3;5;1;2;1;2;1;1;2;5;5;5;3;3;3;3;"3";"1.00623709111664";"122499.515789474"
"796";19;4;1;2;3;3;4;4;1;1;3;5;1;2;2;3;3;5;1;2;1;2;2;1;2;6;5;3;3;4;3;2;"3";"1.00623709111664";"122499.515789474"
"797";19;4;1;2;3;3;5;2;3;2;1;3;1;2;2;2;2;3;1;2;1;2;97;97;2;7;2;3;3;4;1;2;"3";"1.00623709111664";"122499.515789474"
"798";19;4;1;97;97;97;1;4;2;1;3;2;2;2;2;3;3;4;1;2;1;2;2;2;2;7;2;97;3;4;1;97;"3";"1.00623709111664";"122499.515789474"
"799";19;4;1;2;2;1;4;3;1;1;97;5;1;2;1;1;3;4;4;2;1;2;97;97;2;6;2;2;3;4;1;1;"3";"1.00623709111664";"122499.515789474"
"800";19;4;1;3;3;1;2;1;2;1;1;3;1;2;2;2;3;3;5;1;2;;;;2;3;6;2;3;1;4;1;"3";"1.00623709111664";"122499.515789474"
"801";19;4;1;3;3;1;5;4;3;2;3;3;1;2;2;3;2;3;4;2;1;2;1;2;2;6;2;2;3;4;1;1;"3";"1.00623709111664";"122499.515789474"
"802";13;4;1;1;1;1;4;2;3;1;1;5;1;2;2;2;2;3;7;1;1;1;2;2;2;3;6;3;2;1;4;2;"3";"1.00623709111664";"122499.515789474"
"803";13;4;1;3;3;3;4;3;1;1;1;5;1;2;2;3;3;5;9;2;1;2;2;2;2;5;2;2;1;3;1;1;"3";"1.00623709111664";"122499.515789474"
"804";13;4;1;3;3;3;4;1;3;1;1;5;1;2;2;3;3;5;1;2;1;2;1;1;2;4;5;97;3;2;3;97;"3";"1.00623709111664";"122499.515789474"
"805";13;4;1;3;3;3;4;4;2;1;97;5;1;2;2;2;2;5;1;2;1;1;2;2;2;6;2;2;3;4;1;1;"3";"1.00623709111664";"122499.515789474"
"806";13;4;1;3;3;3;6;2;3;2;3;5;1;2;2;3;3;5;1;2;1;2;1;1;2;6;5;3;3;4;3;2;"3";"1.00623709111664";"122499.515789474"
"807";13;4;1;3;2;3;5;2;97;1;1;4;1;2;1;3;3;4;1;2;1;2;2;1;2;3;5;2;3;1;3;1;"3";"1.00623709111664";"122499.515789474"
"808";13;4;1;2;2;2;1;2;3;2;3;4;1;2;2;3;2;3;6;2;1;2;2;1;2;4;5;3;2;2;3;2;"3";"1.00623709111664";"122499.515789474"
"809";13;4;1;2;1;1;5;3;3;1;1;2;1;1;1;2;2;3;5;1;2;;;;2;2;5;1;3;1;3;1;"3";"1.00623709111664";"122499.515789474"
"810";13;4;1;2;3;2;5;3;2;3;1;2;1;2;1;1;1;2;9;2;1;1;2;2;2;7;2;3;1;4;1;2;"3";"1.00623709111664";"122499.515789474"
"811";19;4;1;3;3;3;4;1;3;1;1;5;1;2;2;3;3;5;1;2;1;2;1;1;2;5;6;2;3;3;4;1;"3";"1.00623709111664";"122499.515789474"
"812";19;4;1;3;3;2;5;4;2;1;1;4;1;2;1;3;2;3;1;2;2;;;;2;7;2;2;3;4;1;1;"3";"1.00623709111664";"122499.515789474"
"813";19;4;1;2;3;1;4;1;3;2;1;4;1;2;2;3;2;4;3;2;1;2;2;1;2;4;5;3;3;2;3;2;"3";"1.00623709111664";"122499.515789474"
"814";19;4;1;2;2;3;1;1;2;1;1;5;1;2;2;3;3;5;1;2;1;2;2;2;2;3;6;2;3;1;4;1;"3";"1.00623709111664";"122499.515789474"
"815";19;4;1;3;3;2;4;2;3;2;3;5;97;2;2;3;3;5;6;2;1;2;2;2;2;4;6;3;2;2;4;2;"3";"1.00623709111664";"122499.515789474"
"816";19;4;1;3;2;3;4;2;1;1;1;5;1;1;2;2;3;4;4;2;1;2;2;2;2;3;6;3;3;1;4;2;"3";"1.00623709111664";"122499.515789474"
"817";19;4;1;2;3;3;4;1;3;1;3;5;1;2;2;3;2;5;1;2;1;1;2;2;2;5;5;3;3;3;3;2;"3";"1.00623709111664";"122499.515789474"
"818";8;4;1;2;3;2;1;2;3;1;1;3;1;2;2;2;1;3;8;1;1;2;1;1;2;4;5;3;2;2;3;2;"3";"1.00623709111664";"122499.515789474"
"819";8;4;1;3;3;2;4;2;97;97;3;5;1;2;2;3;3;5;1;2;1;2;1;1;2;4;6;2;3;2;4;1;"3";"1.00623709111664";"122499.515789474"
"820";8;4;1;1;2;3;6;4;3;1;3;5;1;2;2;3;3;5;1;1;2;;;;2;6;5;2;3;4;3;1;"3";"1.00623709111664";"122499.515789474"
"821";8;4;1;2;3;3;5;4;3;1;1;4;1;2;2;3;3;4;1;1;1;1;2;1;2;3;4;2;3;1;2;1;"3";"1.00623709111664";"122499.515789474"
"822";8;4;1;1;1;1;5;2;1;2;1;3;2;2;1;3;3;3;1;2;2;;;;2;2;5;2;3;1;3;1;"3";"1.00623709111664";"122499.515789474"
"823";8;4;1;2;2;2;4;1;3;1;1;3;1;2;1;3;3;5;1;2;1;2;1;2;2;3;6;3;3;1;4;2;"3";"1.00623709111664";"122499.515789474"
"824";13;4;1;1;3;3;4;1;3;1;1;5;1;2;2;3;3;5;1;2;1;1;2;1;2;3;4;2;3;1;2;1;"3";"1.00623709111664";"122499.515789474"
"825";13;4;1;1;1;2;2;1;2;2;1;2;2;2;2;3;3;2;7;2;1;2;2;2;2;2;5;2;2;1;3;1;"3";"1.00623709111664";"122499.515789474"
"826";13;4;1;3;3;1;1;3;3;1;1;5;1;2;1;3;3;5;1;1;1;1;2;2;2;5;5;3;3;3;3;2;"3";"1.00623709111664";"122499.515789474"
"827";13;4;1;3;3;3;5;4;3;2;1;5;2;2;2;3;3;4;1;1;1;1;2;1;2;5;3;3;3;3;2;2;"3";"1.00623709111664";"122499.515789474"
"828";25;4;1;1;2;2;6;2;3;2;1;4;2;2;1;3;3;4;3;2;1;1;2;2;2;4;5;5;3;2;3;3;"3";"1.00623709111664";"122499.515789474"
"829";25;4;1;3;3;3;4;4;97;97;3;5;1;2;2;3;3;5;1;2;2;;;;2;6;5;1;3;4;3;1;"3";"1.00623709111664";"122499.515789474"
"830";25;4;1;3;3;2;5;3;3;1;1;3;1;2;2;2;2;3;6;2;1;2;2;2;2;7;5;4;2;4;3;3;"3";"1.00623709111664";"122499.515789474"
"831";25;4;1;1;2;3;2;2;3;3;1;4;2;2;1;3;3;4;5;1;1;2;2;1;2;2;5;2;3;1;3;1;"3";"1.00623709111664";"122499.515789474"
"832";25;4;1;3;3;1;4;1;3;1;1;5;1;2;1;2;2;3;3;2;1;2;2;1;2;6;5;4;3;4;3;3;"3";"1.00623709111664";"122499.515789474"
"833";25;4;1;3;3;2;4;4;1;1;1;5;1;2;2;3;3;5;1;2;2;;;;2;5;6;3;3;3;4;2;"3";"1.00623709111664";"122499.515789474"
"834";25;4;1;2;1;3;2;2;2;1;1;3;1;2;2;3;2;3;5;2;1;1;1;2;2;5;5;4;3;3;3;3;"3";"1.00623709111664";"122499.515789474"
"835";25;4;1;3;2;3;4;4;1;1;3;5;2;2;2;3;2;4;1;1;2;;;;2;7;3;3;3;4;2;2;"3";"1.00623709111664";"122499.515789474"
"836";25;4;1;1;1;1;4;1;3;3;1;5;1;2;1;3;3;4;2;1;1;2;2;1;2;4;5;3;3;2;3;2;"3";"1.00623709111664";"122499.515789474"
"837";25;4;1;3;3;1;1;4;3;3;3;5;1;2;2;3;3;5;1;2;1;2;1;1;2;5;5;3;3;3;3;2;"3";"1.00623709111664";"122499.515789474"
"838";25;4;1;3;3;2;4;2;3;1;1;5;2;2;2;3;3;5;1;1;1;2;1;2;2;4;6;3;3;2;4;2;"3";"1.00623709111664";"122499.515789474"
"839";25;4;1;3;3;2;5;3;3;1;2;4;1;2;2;3;3;3;6;1;2;;;;2;6;3;2;2;4;2;1;"3";"1.00623709111664";"122499.515789474"
"840";25;4;1;3;3;1;4;2;1;1;1;5;1;2;2;3;2;3;7;1;1;2;1;2;2;2;6;2;2;1;4;1;"3";"1.00623709111664";"122499.515789474"
"841";25;4;1;2;3;1;6;2;1;1;2;4;1;2;1;2;3;4;1;2;1;1;1;1;2;5;5;3;3;3;3;2;"3";"1.00623709111664";"122499.515789474"
"842";25;4;1;3;2;2;4;2;3;2;2;5;1;2;2;3;3;5;1;1;1;2;1;1;2;7;5;97;3;4;3;97;"3";"1.00623709111664";"122499.515789474"
"843";25;4;1;3;3;1;5;4;1;97;1;5;1;2;2;3;3;5;3;1;2;;;;2;6;4;2;3;4;2;1;"3";"1.00623709111664";"122499.515789474"
"844";25;4;1;3;3;1;3;3;2;2;1;5;2;2;1;3;3;4;1;2;1;1;2;1;2;4;5;3;3;2;3;2;"3";"1.00623709111664";"122499.515789474"
"845";25;4;1;2;1;3;1;2;3;97;1;5;2;2;2;3;3;5;1;1;1;2;1;1;2;3;6;1;3;1;4;1;"3";"1.00623709111664";"122499.515789474"
"846";25;4;1;3;2;3;4;4;97;1;3;5;1;2;2;3;3;5;3;1;1;1;1;1;2;5;6;3;3;3;4;2;"3";"1.00623709111664";"122499.515789474"
"847";25;4;1;2;2;2;6;3;97;1;3;5;1;2;2;3;2;5;1;2;1;2;1;2;2;4;5;2;3;2;3;1;"3";"1.00623709111664";"122499.515789474"
"848";25;4;1;3;3;3;3;2;2;2;2;4;1;2;1;2;3;4;1;2;1;2;1;1;2;6;5;2;3;4;3;1;"3";"1.00623709111664";"122499.515789474"
"849";25;4;1;2;3;1;5;3;3;1;1;4;1;2;1;2;3;3;6;2;1;2;1;1;2;1;4;1;2;1;2;1;"3";"1.00623709111664";"122499.515789474"
"850";25;4;1;3;3;1;3;1;3;1;1;5;1;2;1;3;2;3;6;2;1;1;2;1;2;5;5;3;2;3;3;2;"3";"1.00623709111664";"122499.515789474"
"851";25;4;1;2;3;1;1;4;2;2;1;3;1;1;1;3;2;3;1;1;2;;;;2;4;3;2;3;2;2;1;"3";"1.00623709111664";"122499.515789474"
"852";25;4;1;3;3;2;5;3;1;3;3;5;1;2;2;3;2;4;3;2;2;;;;2;4;6;3;3;2;4;2;"3";"1.00623709111664";"122499.515789474"
"853";25;4;1;1;2;2;6;1;2;1;1;4;1;2;1;3;3;3;5;2;1;2;2;1;2;7;5;3;3;4;3;2;"3";"1.00623709111664";"122499.515789474"
"854";25;4;1;3;3;3;4;1;3;1;1;5;2;2;1;3;3;5;3;2;1;2;2;1;2;5;5;2;3;3;3;1;"3";"1.00623709111664";"122499.515789474"
"855";25;4;1;97;97;1;1;2;3;1;1;5;1;2;2;3;3;3;4;1;1;2;2;1;2;3;6;1;3;1;4;1;"3";"1.00623709111664";"122499.515789474"
"856";25;4;1;3;2;3;4;3;2;1;1;1;2;2;2;2;2;2;11;2;1;1;2;2;2;7;2;3;1;4;1;2;"3";"1.00623709111664";"122499.515789474"
"857";25;4;1;3;3;1;1;1;97;97;3;5;1;2;2;3;3;3;1;1;1;2;97;1;2;4;5;3;3;2;3;2;"3";"1.00623709111664";"122499.515789474"
"858";25;4;1;3;3;3;4;4;2;1;3;5;1;2;1;3;3;4;1;2;97;2;97;2;2;6;2;2;3;4;1;1;"3";"1.00623709111664";"122499.515789474"
"859";25;4;1;3;3;3;4;2;3;1;2;4;1;2;2;2;2;3;5;2;1;1;1;2;2;5;5;3;3;3;3;2;"3";"1.00623709111664";"122499.515789474"
"860";25;4;1;3;3;3;4;2;1;1;1;5;1;2;1;3;3;5;1;2;1;2;2;1;2;6;5;3;3;4;3;2;"3";"1.00623709111664";"122499.515789474"
"861";25;4;1;1;1;1;4;1;2;1;3;5;1;2;2;3;3;5;1;1;1;2;1;1;2;5;5;2;3;3;3;1;"3";"1.00623709111664";"122499.515789474"
"862";8;4;1;3;3;3;2;2;1;1;1;5;1;1;2;2;3;4;5;97;1;1;2;1;2;3;5;2;3;1;3;1;"3";"1.00623709111664";"122499.515789474"
"863";25;4;2;3;3;2;4;1;3;2;97;5;1;2;2;3;3;5;1;2;1;1;1;1;2;5;7;3;3;3;4;2;"1";"0.417380581011344";"50812"
"864";25;4;2;2;3;3;1;1;3;1;1;5;1;2;1;3;3;4;4;2;1;2;1;1;2;6;7;4;3;4;4;3;"1";"0.417380581011344";"50812"
"865";8;4;2;2;2;1;4;2;3;1;3;3;1;2;2;3;2;3;11;2;2;;;;2;4;7;2;1;2;4;1;"2";"0.905453704192968";"110230.125"
"866";8;4;2;3;3;3;4;1;3;1;3;5;1;2;2;3;3;5;1;2;1;1;2;1;2;4;7;5;3;2;4;3;"2";"0.905453704192968";"110230.125"
"867";19;4;2;3;3;3;5;1;3;1;1;5;1;2;1;3;3;5;3;2;1;2;97;1;2;7;7;97;3;4;4;97;"2";"0.905453704192968";"110230.125"
"868";25;4;2;2;2;2;1;1;3;1;1;4;1;1;2;3;3;5;1;2;1;2;1;1;2;4;7;97;3;2;4;97;"2";"0.905453704192968";"110230.125"
"869";25;4;2;1;1;1;2;1;2;2;1;2;1;2;2;2;3;3;4;2;1;1;2;2;2;6;7;5;3;4;4;3;"2";"0.905453704192968";"110230.125"
"870";25;4;2;1;1;1;4;1;3;1;1;5;1;2;2;3;2;4;5;1;1;2;2;1;2;3;7;5;3;1;4;3;"2";"0.905453704192968";"110230.125"
"871";25;4;2;3;1;1;4;1;3;1;1;5;1;2;2;3;3;5;1;2;1;2;1;1;2;4;7;4;3;2;4;3;"2";"0.905453704192968";"110230.125"
"872";13;4;2;2;2;3;1;1;3;1;2;5;2;2;1;3;3;4;1;1;1;2;1;2;2;4;7;3;3;2;4;2;"2";"0.905453704192968";"110230.125"
"873";25;4;1;2;2;1;5;1;3;1;2;5;1;2;2;3;3;5;5;1;1;2;2;2;2;5;7;4;3;3;4;3;"3";"0.320257496428889";"38988.2151898734"
"874";19;4;1;2;2;2;2;4;97;2;1;4;1;1;1;2;2;3;8;2;2;;;;2;3;7;3;2;1;4;2;"3";"0.320257496428889";"38988.2151898734"
"875";19;4;1;3;3;2;1;2;1;1;2;4;1;2;2;3;2;4;3;2;1;2;1;1;2;6;7;3;3;4;4;2;"3";"0.320257496428889";"38988.2151898734"
"876";19;4;1;3;3;2;4;1;97;1;1;5;1;2;2;3;3;4;5;1;1;2;97;1;2;5;7;5;3;3;4;3;"3";"0.320257496428889";"38988.2151898734"
"877";19;4;1;2;3;3;3;1;3;1;1;4;1;2;2;3;3;3;1;1;1;2;2;1;2;5;7;3;3;3;4;2;"3";"0.320257496428889";"38988.2151898734"
"878";25;4;1;3;3;2;4;1;3;1;1;5;1;2;2;3;3;5;1;1;1;1;1;2;2;7;7;5;3;4;4;3;"3";"0.320257496428889";"38988.2151898734"
"879";25;4;1;3;3;3;4;2;3;1;1;5;1;2;2;3;3;5;2;1;1;2;2;1;2;3;7;5;3;1;4;3;"3";"0.320257496428889";"38988.2151898734"
"880";13;4;1;3;3;2;4;2;3;2;2;3;1;2;2;3;3;4;2;1;1;2;2;2;2;5;7;97;3;3;4;97;"3";"0.320257496428889";"38988.2151898734"
"881";13;4;1;3;3;1;97;1;3;1;1;5;1;2;1;3;97;5;2;2;1;2;2;1;2;7;7;97;3;4;4;97;"3";"0.320257496428889";"38988.2151898734"
"882";13;4;1;3;2;3;4;1;3;1;1;5;1;1;2;2;3;4;1;2;1;2;1;1;2;6;7;4;3;4;4;3;"3";"0.320257496428889";"38988.2151898734"
"883";13;4;1;2;2;2;1;1;3;1;1;3;1;2;2;3;2;3;6;2;1;2;1;1;2;4;7;4;2;2;4;3;"3";"0.320257496428889";"38988.2151898734"
"884";13;4;1;3;3;3;5;1;2;2;1;5;1;2;2;3;2;4;1;2;97;1;97;2;2;4;7;97;3;2;4;97;"3";"0.320257496428889";"38988.2151898734"
"885";13;4;1;3;1;2;4;1;3;1;1;5;1;2;2;3;3;5;1;2;1;2;1;2;2;4;7;4;3;2;4;3;"3";"0.320257496428889";"38988.2151898734"
"886";13;4;1;3;2;97;6;3;3;1;1;3;1;2;2;3;2;3;8;2;1;1;97;1;2;7;7;97;2;4;4;97;"3";"0.320257496428889";"38988.2151898734"
"887";19;4;1;2;2;3;1;1;1;1;1;5;1;2;2;3;3;4;1;97;2;;;;2;5;7;4;3;3;4;3;"3";"0.320257496428889";"38988.2151898734"
"888";19;4;1;3;3;2;1;1;1;1;1;5;1;2;2;3;3;4;1;2;1;2;1;2;2;4;7;3;3;2;4;2;"3";"0.320257496428889";"38988.2151898734"
"889";19;4;1;3;3;3;4;1;97;1;97;5;1;2;1;3;2;5;2;1;1;1;2;1;2;6;7;3;3;4;4;2;"3";"0.320257496428889";"38988.2151898734"
"890";19;4;1;2;2;2;4;2;3;1;1;5;1;2;2;3;3;5;3;2;1;2;1;1;2;4;7;3;3;2;4;2;"3";"0.320257496428889";"38988.2151898734"
"891";19;4;1;3;3;1;2;2;3;1;1;3;1;2;2;2;2;3;5;1;1;2;1;2;2;6;7;97;3;4;4;97;"3";"0.320257496428889";"38988.2151898734"
"892";19;4;1;3;2;2;6;1;3;1;1;5;1;2;2;2;3;5;5;2;1;2;1;1;2;5;7;4;3;3;4;3;"3";"0.320257496428889";"38988.2151898734"
"893";19;4;1;2;2;2;2;1;3;1;1;4;1;2;2;2;2;3;4;2;1;2;1;1;2;3;7;3;3;1;4;2;"3";"0.320257496428889";"38988.2151898734"
"894";19;4;1;2;2;2;2;1;3;1;1;5;1;2;2;2;3;3;8;2;1;2;2;1;2;3;7;4;2;1;4;3;"3";"0.320257496428889";"38988.2151898734"
"895";19;4;1;3;3;3;6;2;3;2;2;5;1;2;2;3;3;5;1;1;1;2;1;2;2;3;7;3;3;1;4;2;"3";"0.320257496428889";"38988.2151898734"
"896";19;4;1;3;3;2;4;1;2;2;2;5;2;2;1;3;2;5;2;1;1;2;1;1;2;7;7;3;3;4;4;2;"3";"0.320257496428889";"38988.2151898734"
"897";13;4;1;1;2;1;4;1;97;2;97;5;2;1;1;3;3;5;1;1;1;2;1;2;2;3;7;2;3;1;4;1;"3";"0.320257496428889";"38988.2151898734"
"898";13;4;1;2;2;2;5;1;2;2;1;5;1;2;2;3;3;5;1;1;1;2;1;1;2;7;7;5;3;4;4;3;"3";"0.320257496428889";"38988.2151898734"
"899";13;4;1;2;3;2;1;2;3;1;1;4;1;1;2;3;2;3;1;1;1;2;2;1;2;4;7;5;3;2;4;3;"3";"0.320257496428889";"38988.2151898734"
"900";13;4;1;2;3;3;4;1;2;1;1;4;1;2;2;2;2;4;1;2;1;2;1;1;2;3;7;3;3;1;4;2;"3";"0.320257496428889";"38988.2151898734"
"901";13;4;1;2;2;3;3;1;3;1;2;4;1;2;2;2;2;3;3;1;1;2;1;1;2;6;7;4;3;4;4;3;"3";"0.320257496428889";"38988.2151898734"
"902";13;4;1;3;2;3;6;1;3;2;3;5;1;2;2;3;3;5;1;1;1;2;1;1;2;4;7;3;3;2;4;2;"3";"0.320257496428889";"38988.2151898734"
"903";13;4;1;3;3;2;5;2;3;1;1;4;1;2;1;3;3;4;4;2;1;2;1;2;2;5;7;3;3;3;4;2;"3";"0.320257496428889";"38988.2151898734"
"904";13;4;1;3;3;2;3;1;3;1;1;4;1;2;1;3;3;4;6;2;1;2;1;2;2;6;7;3;2;4;4;2;"3";"0.320257496428889";"38988.2151898734"
"905";13;4;1;3;3;3;1;4;2;1;3;5;1;2;2;3;3;5;1;2;1;2;1;1;2;4;7;97;3;2;4;97;"3";"0.320257496428889";"38988.2151898734"
"906";13;4;1;2;3;2;4;1;3;1;1;5;1;1;1;2;3;5;6;2;1;1;1;2;2;4;7;3;2;2;4;2;"3";"0.320257496428889";"38988.2151898734"
"907";13;4;1;2;2;3;4;2;2;1;3;4;1;2;2;2;2;3;4;97;1;2;1;1;2;6;7;4;3;4;4;3;"3";"0.320257496428889";"38988.2151898734"
"908";19;4;1;3;3;2;5;2;3;1;2;4;1;2;1;2;3;3;6;1;1;2;1;2;2;7;7;5;2;4;4;3;"3";"0.320257496428889";"38988.2151898734"
"909";19;4;1;3;3;3;4;1;3;1;1;5;1;2;2;3;3;5;1;1;1;2;1;1;2;6;7;5;3;4;4;3;"3";"0.320257496428889";"38988.2151898734"
"910";19;4;1;2;2;1;4;1;2;1;1;5;1;2;2;2;3;4;7;2;2;;;;2;3;7;2;2;1;4;1;"3";"0.320257496428889";"38988.2151898734"
"911";13;4;1;2;3;2;4;3;1;97;1;2;1;2;1;3;3;5;5;2;1;1;1;1;2;6;7;4;3;4;4;3;"3";"0.320257496428889";"38988.2151898734"
"912";13;4;1;3;3;3;4;1;3;1;1;5;1;2;2;3;3;5;3;2;1;2;1;1;2;7;7;97;3;4;4;97;"3";"0.320257496428889";"38988.2151898734"
"913";13;4;1;3;3;2;4;1;2;2;3;5;1;2;2;3;3;5;1;2;1;2;1;1;2;3;7;3;3;1;4;2;"3";"0.320257496428889";"38988.2151898734"
"914";13;4;1;3;3;3;6;1;3;2;3;5;1;2;1;3;3;5;6;1;1;2;2;1;2;7;7;3;2;4;4;2;"3";"0.320257496428889";"38988.2151898734"
"915";25;4;1;3;2;3;4;1;3;1;1;5;1;1;2;3;3;5;1;2;1;2;97;1;2;6;7;4;3;4;4;3;"3";"0.320257496428889";"38988.2151898734"
"916";25;4;1;2;3;2;4;2;3;1;1;5;1;2;2;3;3;5;2;1;1;2;1;2;2;7;7;5;3;4;4;3;"3";"0.320257496428889";"38988.2151898734"
"917";25;4;1;2;2;2;1;2;2;1;1;4;1;2;2;3;3;5;1;97;1;2;97;1;2;3;7;1;3;1;4;1;"3";"0.320257496428889";"38988.2151898734"
"918";25;4;1;3;2;2;6;2;2;1;2;5;1;2;1;2;2;3;6;1;1;2;1;1;2;5;7;5;2;3;4;3;"3";"0.320257496428889";"38988.2151898734"
"919";25;4;1;3;3;3;2;4;2;1;1;5;1;2;1;3;3;5;1;2;1;2;97;2;2;7;7;4;3;4;4;3;"3";"0.320257496428889";"38988.2151898734"
"920";25;4;1;3;2;97;4;1;3;1;3;5;1;2;2;3;3;5;1;1;1;2;1;1;2;7;7;4;3;4;4;3;"3";"0.320257496428889";"38988.2151898734"
"921";25;4;1;1;2;1;4;1;3;1;2;4;1;2;1;3;3;4;5;1;1;2;1;1;2;7;7;3;3;4;4;2;"3";"0.320257496428889";"38988.2151898734"
"922";25;4;1;3;3;3;4;1;3;2;1;5;2;2;2;3;3;5;1;2;1;1;2;1;2;6;7;3;3;4;4;2;"3";"0.320257496428889";"38988.2151898734"
"923";25;4;1;3;3;3;4;3;3;2;2;3;1;2;2;3;3;5;1;2;1;2;1;1;2;5;7;3;3;3;4;2;"3";"0.320257496428889";"38988.2151898734"
"924";25;4;1;3;3;2;1;2;3;1;1;5;1;2;1;3;3;4;6;2;1;1;2;1;2;6;7;1;2;4;4;1;"3";"0.320257496428889";"38988.2151898734"
"925";25;4;1;1;2;2;5;1;3;1;1;5;1;1;2;3;3;4;2;2;1;1;2;2;2;3;7;2;3;1;4;1;"3";"0.320257496428889";"38988.2151898734"
"926";25;4;1;3;3;2;1;2;3;3;2;3;2;2;2;3;2;3;1;1;1;2;1;1;2;4;7;1;3;2;4;1;"3";"0.320257496428889";"38988.2151898734"
"927";25;4;1;3;2;1;4;1;2;1;1;3;2;2;2;2;3;3;4;2;1;2;2;1;2;7;7;4;3;4;4;3;"3";"0.320257496428889";"38988.2151898734"
"928";25;4;1;3;3;3;5;2;3;1;1;5;1;2;2;3;3;4;2;2;1;2;1;1;2;6;7;97;3;4;4;97;"3";"0.320257496428889";"38988.2151898734"
"929";25;4;1;3;3;2;4;1;1;1;1;4;1;1;1;2;2;3;1;2;1;2;1;1;2;6;7;3;3;4;4;2;"3";"0.320257496428889";"38988.2151898734"
"930";25;4;1;2;3;3;4;1;2;1;1;5;1;2;2;3;3;5;4;2;1;2;1;2;2;4;7;4;3;2;4;3;"3";"0.320257496428889";"38988.2151898734"
"931";25;4;1;3;3;3;97;1;97;2;3;5;2;2;2;3;3;5;1;2;1;1;2;1;2;5;7;1;3;3;4;1;"3";"0.320257496428889";"38988.2151898734"
"932";25;4;1;2;3;2;4;2;2;1;2;3;1;2;1;2;2;3;9;2;1;1;2;1;2;5;7;4;1;3;4;3;"3";"0.320257496428889";"38988.2151898734"
"933";25;4;1;3;3;3;4;4;97;1;3;5;1;97;2;3;3;5;1;2;2;;;;2;7;7;2;3;4;4;1;"3";"0.320257496428889";"38988.2151898734"
"934";25;4;1;2;3;3;97;1;3;1;97;5;1;2;1;3;3;5;1;1;1;2;1;1;2;7;7;5;3;4;4;3;"3";"0.320257496428889";"38988.2151898734"
"935";25;4;1;3;3;2;97;1;2;1;1;2;1;2;1;2;3;2;6;2;1;2;2;1;2;7;7;4;2;4;4;3;"3";"0.320257496428889";"38988.2151898734"
"936";25;4;1;3;3;2;4;1;2;1;1;4;1;97;2;2;3;4;5;2;1;1;1;2;2;6;7;4;3;4;4;3;"3";"0.320257496428889";"38988.2151898734"
"937";25;4;1;3;3;97;4;1;97;1;2;5;1;2;2;2;3;5;1;1;2;;;;2;6;7;5;3;4;4;3;"3";"0.320257496428889";"38988.2151898734"
"938";25;4;1;2;3;2;3;1;2;2;2;4;1;2;2;3;2;4;3;1;1;2;2;1;2;6;7;5;3;4;4;3;"3";"0.320257496428889";"38988.2151898734"
"939";25;4;1;2;3;1;2;2;2;3;1;5;1;2;2;2;1;3;9;1;1;1;2;2;2;5;7;5;1;3;4;3;"3";"0.320257496428889";"38988.2151898734"
"940";25;4;1;3;3;1;4;1;1;1;1;5;1;2;2;3;3;5;1;2;1;1;1;2;2;4;7;3;3;2;4;2;"3";"0.320257496428889";"38988.2151898734"
"941";25;4;1;2;2;1;4;2;3;1;2;5;1;2;1;3;2;3;6;2;1;2;1;1;2;5;7;4;2;3;4;3;"3";"0.320257496428889";"38988.2151898734"
"942";25;4;1;3;2;3;1;4;3;1;1;5;1;1;2;3;3;5;2;2;1;2;1;1;2;4;7;4;3;2;4;3;"3";"0.320257496428889";"38988.2151898734"
"943";25;4;1;2;2;1;1;2;3;1;1;4;1;2;97;3;3;4;3;2;2;;;;2;7;7;4;3;4;4;3;"3";"0.320257496428889";"38988.2151898734"
"944";25;4;1;2;2;2;4;2;2;1;1;4;1;2;97;2;2;3;6;2;1;1;1;1;2;7;7;5;2;4;4;3;"3";"0.320257496428889";"38988.2151898734"
"945";25;4;1;2;2;1;4;1;2;1;3;5;1;2;2;2;2;3;11;1;1;97;2;1;2;7;7;4;1;4;4;3;"3";"0.320257496428889";"38988.2151898734"
"946";25;4;1;3;2;3;4;1;3;1;1;4;1;2;1;1;2;3;5;2;1;2;2;1;2;5;7;97;3;3;4;97;"3";"0.320257496428889";"38988.2151898734"
"947";25;4;1;1;2;2;6;2;3;1;2;3;1;2;1;2;2;3;9;2;1;2;1;1;2;3;7;2;1;1;4;1;"3";"0.320257496428889";"38988.2151898734"
"948";25;4;1;3;2;3;6;2;2;1;1;5;1;2;2;3;3;5;2;2;1;1;1;2;2;3;7;4;3;1;4;3;"3";"0.320257496428889";"38988.2151898734"
"949";25;4;1;2;2;2;1;3;2;1;1;3;1;2;1;3;2;3;1;1;1;1;2;1;2;7;7;1;3;4;4;1;"3";"0.320257496428889";"38988.2151898734"
"950";25;4;1;3;2;2;3;1;3;1;1;4;1;2;2;2;1;4;6;1;1;2;1;1;2;5;7;4;2;3;4;3;"3";"0.320257496428889";"38988.2151898734"
"951";25;4;1;1;2;1;6;1;2;1;1;4;1;2;1;2;3;4;5;2;1;2;1;1;2;5;7;97;3;3;4;97;"3";"0.320257496428889";"38988.2151898734"
"952";21;5;2;3;3;2;6;4;3;97;1;3;1;2;2;2;2;4;6;2;1;2;1;1;1;6;3;2;2;4;2;1;"1";"0.921736767571377";"112212.428571429"
"953";16;5;2;3;3;3;3;4;1;1;1;5;1;2;1;3;3;4;97;2;1;2;97;1;1;4;5;2;97;2;3;1;"1";"0.921736767571377";"112212.428571429"
"954";16;5;2;2;3;1;1;4;97;1;3;5;1;2;2;3;3;5;1;2;1;1;1;1;1;5;5;2;3;3;3;1;"1";"0.921736767571377";"112212.428571429"
"955";16;5;2;3;3;1;1;4;3;2;1;2;1;2;1;2;2;3;6;2;2;;;;1;4;5;2;2;2;3;1;"1";"0.921736767571377";"112212.428571429"
"956";16;5;2;1;3;97;2;2;1;1;1;5;1;2;1;3;3;5;1;2;2;;;;1;3;4;2;3;1;2;1;"1";"0.921736767571377";"112212.428571429"
"957";24;5;2;3;3;2;4;2;3;1;2;3;1;1;1;3;3;3;7;2;2;;;;1;4;5;2;2;2;3;1;"1";"0.921736767571377";"112212.428571429"
"958";24;5;2;1;2;1;2;2;3;2;1;2;1;2;1;2;1;2;6;2;1;97;1;1;1;6;2;2;2;4;1;1;"1";"0.921736767571377";"112212.428571429"
"959";21;5;2;3;2;3;5;1;97;1;1;3;1;2;1;3;3;5;97;1;1;2;2;2;1;7;5;3;97;4;3;2;"2";"7.03935037531398";"856972"
"960";21;5;2;3;3;1;5;4;3;97;2;5;2;2;2;2;1;5;6;2;97;1;2;1;1;5;2;2;2;3;1;1;"2";"7.03935037531398";"856972"
"961";21;5;2;2;2;1;1;4;3;3;2;3;1;2;1;2;3;3;1;2;1;1;2;1;1;5;5;2;3;3;3;1;"2";"7.03935037531398";"856972"
"962";21;5;2;1;2;97;1;2;2;97;2;5;97;2;2;3;3;4;1;2;1;1;2;2;1;3;1;1;3;1;1;1;"2";"7.03935037531398";"856972"
"963";24;5;2;3;3;3;1;1;2;1;3;5;1;2;2;3;3;5;1;2;1;1;2;1;1;5;5;2;3;3;3;1;"2";"7.03935037531398";"856972"
"964";24;5;2;2;2;1;5;2;2;1;1;2;1;1;2;2;1;2;11;2;1;97;2;2;1;5;5;1;1;3;3;1;"2";"7.03935037531398";"856972"
"965";21;5;1;2;3;3;6;4;2;2;3;5;2;2;2;3;2;3;5;2;1;1;1;1;1;6;5;2;3;4;3;1;"3";"0.680164570913756";"82803.3783783784"
"966";16;5;1;2;3;1;5;1;2;1;1;5;1;2;2;3;1;5;8;1;1;1;1;1;1;6;4;2;2;4;2;1;"3";"0.680164570913756";"82803.3783783784"
"967";16;5;1;3;3;1;2;2;3;1;2;5;1;2;2;3;2;4;6;2;2;;;;1;4;5;2;2;2;3;1;"3";"0.680164570913756";"82803.3783783784"
"968";16;5;1;2;3;1;4;3;3;2;2;3;2;2;2;2;3;3;4;1;1;1;2;1;1;4;5;3;3;2;3;2;"3";"0.680164570913756";"82803.3783783784"
"969";21;5;1;3;1;2;6;2;3;97;2;5;2;2;1;3;2;4;1;2;2;;;;1;3;5;2;3;1;3;1;"3";"0.680164570913756";"82803.3783783784"
"970";21;5;1;2;3;2;6;2;3;2;1;3;1;2;2;3;2;3;4;2;1;2;1;1;1;3;5;2;3;1;3;1;"3";"0.680164570913756";"82803.3783783784"
"971";21;5;1;3;3;3;6;1;97;1;1;5;1;2;2;3;3;4;7;1;1;2;1;1;1;4;5;1;2;2;3;1;"3";"0.680164570913756";"82803.3783783784"
"972";21;5;1;3;3;1;3;3;3;1;1;4;1;2;2;3;3;5;3;2;1;2;2;2;1;7;6;4;3;4;4;3;"3";"0.680164570913756";"82803.3783783784"
"973";21;5;1;2;2;1;6;1;3;1;1;5;1;2;2;3;3;5;9;2;1;1;2;2;1;4;5;1;1;2;3;1;"3";"0.680164570913756";"82803.3783783784"
"974";21;5;1;1;2;2;4;2;3;1;1;3;1;2;2;2;3;3;9;97;1;97;1;1;1;7;5;3;1;4;3;2;"3";"0.680164570913756";"82803.3783783784"
"975";21;5;1;2;3;1;6;2;2;2;1;5;2;2;1;3;3;4;8;2;1;1;1;1;1;3;5;2;2;1;3;1;"3";"0.680164570913756";"82803.3783783784"
"976";21;5;1;1;1;1;5;4;97;1;1;2;1;2;2;2;2;3;97;2;1;2;1;1;1;5;5;2;97;3;3;1;"3";"0.680164570913756";"82803.3783783784"
"977";21;5;1;2;3;2;5;1;2;2;1;4;1;2;2;2;2;3;6;2;1;2;1;2;1;2;5;2;2;1;3;1;"3";"0.680164570913756";"82803.3783783784"
"978";21;5;1;3;3;1;5;4;1;2;1;97;1;2;2;2;1;3;9;97;1;2;2;1;1;5;2;2;1;3;1;1;"3";"0.680164570913756";"82803.3783783784"
"979";21;5;1;3;3;1;6;1;3;1;1;3;1;2;1;2;2;3;7;2;1;1;1;1;1;5;5;2;2;3;3;1;"3";"0.680164570913756";"82803.3783783784"
"980";21;5;1;3;3;2;6;2;1;1;1;3;1;2;1;2;3;3;6;1;1;2;1;1;1;5;5;2;2;3;3;1;"3";"0.680164570913756";"82803.3783783784"
"981";21;5;1;2;3;1;6;4;1;1;3;4;1;2;2;2;2;3;1;2;1;2;2;2;1;5;5;2;3;3;3;1;"3";"0.680164570913756";"82803.3783783784"
"982";21;5;1;3;3;3;2;2;3;2;1;5;1;2;2;2;2;3;1;2;1;2;2;1;1;5;5;1;3;3;3;1;"3";"0.680164570913756";"82803.3783783784"
"983";21;5;1;3;3;3;6;2;3;1;3;5;1;2;1;3;3;4;3;2;1;2;1;1;1;3;6;3;3;1;4;2;"3";"0.680164570913756";"82803.3783783784"
"984";16;5;1;2;2;1;6;3;3;1;1;4;97;1;1;1;2;2;6;97;1;2;2;1;1;4;5;1;2;2;3;1;"3";"0.680164570913756";"82803.3783783784"
"985";16;5;1;2;2;1;4;2;3;1;1;3;1;2;2;2;2;2;6;2;1;1;1;1;1;4;5;2;2;2;3;1;"3";"0.680164570913756";"82803.3783783784"
"986";16;5;1;3;3;3;5;1;3;1;1;5;1;2;1;3;3;5;1;1;1;1;1;1;1;3;6;2;3;1;4;1;"3";"0.680164570913756";"82803.3783783784"
"987";16;5;1;2;3;3;3;2;2;1;2;3;1;1;1;3;2;4;6;2;1;2;2;1;1;3;5;1;2;1;3;1;"3";"0.680164570913756";"82803.3783783784"
"988";16;5;1;2;3;1;5;2;97;97;1;2;1;2;1;1;1;2;7;2;97;97;2;97;1;5;2;2;2;3;1;1;"3";"0.680164570913756";"82803.3783783784"
"989";16;5;1;3;3;1;5;4;1;3;3;3;2;2;2;2;2;3;97;2;2;;;;1;6;2;2;97;4;1;1;"3";"0.680164570913756";"82803.3783783784"
"990";16;5;1;1;1;1;5;2;3;1;1;5;1;1;2;2;3;3;1;2;1;2;2;1;1;4;5;2;3;2;3;1;"3";"0.680164570913756";"82803.3783783784"
"991";16;5;1;3;3;3;6;4;3;2;1;4;2;2;2;2;2;4;6;1;2;;;;1;6;6;2;2;4;4;1;"3";"0.680164570913756";"82803.3783783784"
"992";16;5;1;3;3;2;4;1;1;3;2;5;1;2;1;3;3;5;1;2;2;;;;1;4;5;3;3;2;3;2;"3";"0.680164570913756";"82803.3783783784"
"993";16;5;1;2;2;1;4;2;3;1;1;2;2;1;1;3;2;3;7;2;1;2;1;1;1;2;5;2;2;1;3;1;"3";"0.680164570913756";"82803.3783783784"
"994";16;5;1;97;3;3;97;97;2;1;97;5;1;2;1;3;3;5;1;97;97;97;2;97;1;7;5;97;3;4;3;97;"3";"0.680164570913756";"82803.3783783784"
"995";16;5;1;97;97;1;1;97;3;1;1;5;1;97;97;2;2;3;1;97;1;97;1;97;1;5;2;1;3;3;1;1;"3";"0.680164570913756";"82803.3783783784"
"996";16;5;1;97;2;2;1;2;2;3;1;2;1;1;1;2;1;2;11;2;1;2;1;2;1;6;2;3;1;4;1;2;"3";"0.680164570913756";"82803.3783783784"
"997";24;5;1;3;3;2;4;1;3;1;3;5;1;2;2;3;3;5;1;2;1;1;1;1;1;6;5;3;3;4;3;2;"3";"0.680164570913756";"82803.3783783784"
"998";24;5;1;3;3;3;4;4;1;1;1;3;1;2;1;2;3;2;1;2;2;;;;1;4;5;3;3;2;3;2;"3";"0.680164570913756";"82803.3783783784"
"999";24;5;1;3;2;1;5;2;2;1;1;3;1;2;2;2;2;3;8;2;2;;;;1;6;2;2;2;4;1;1;"3";"0.680164570913756";"82803.3783783784"
"1000";24;5;1;3;3;97;5;4;97;97;1;5;1;2;1;3;2;5;7;2;1;1;2;2;1;7;2;2;2;4;1;1;"3";"0.680164570913756";"82803.3783783784"
"1001";24;5;1;2;1;2;2;3;3;1;1;5;1;2;1;3;3;3;1;2;1;2;1;1;1;1;4;2;3;1;2;1;"3";"0.680164570913756";"82803.3783783784"
"1002";24;5;2;3;3;1;2;3;2;2;3;4;1;2;2;3;3;4;1;2;1;2;1;1;1;7;7;3;3;4;4;2;"1";"0.271085450967023";"33002"
"1003";21;5;2;3;3;1;4;2;3;1;1;4;1;1;1;2;2;4;5;2;1;1;1;2;1;3;7;2;3;1;4;1;"2";"4.89378156240905";"595770"
"1004";21;5;1;3;3;2;97;1;1;1;1;4;1;2;1;2;3;4;7;1;1;2;2;2;1;6;7;3;2;4;4;2;"3";"0.382638075102851";"46582.44"
"1005";16;5;1;2;3;2;6;2;2;1;2;5;1;2;2;2;3;4;7;2;1;1;1;1;1;5;7;3;2;3;4;2;"3";"0.382638075102851";"46582.44"
"1006";21;5;1;3;3;1;6;2;3;1;1;3;1;2;1;2;2;3;6;2;1;1;1;2;1;4;7;3;2;2;4;2;"3";"0.382638075102851";"46582.44"
"1007";21;5;1;2;2;3;3;2;3;1;3;4;1;2;1;2;2;3;4;2;1;2;1;1;1;4;7;97;3;2;4;97;"3";"0.382638075102851";"46582.44"
"1008";21;5;1;1;1;2;6;2;3;2;1;3;1;2;1;2;3;3;4;2;1;2;1;1;1;4;7;2;3;2;4;1;"3";"0.382638075102851";"46582.44"
"1009";21;5;1;1;2;1;4;1;2;1;1;5;1;2;2;3;3;5;7;1;1;2;1;1;1;6;7;5;2;4;4;3;"3";"0.382638075102851";"46582.44"
"1010";21;5;1;1;2;1;3;2;3;1;1;5;1;2;1;3;3;4;5;1;1;2;1;1;1;4;7;4;3;2;4;3;"3";"0.382638075102851";"46582.44"
"1011";21;5;1;3;3;2;4;1;2;1;1;5;1;2;2;3;3;5;10;2;1;2;1;1;1;4;7;1;1;2;4;1;"3";"0.382638075102851";"46582.44"
"1012";21;5;1;3;3;2;6;2;3;2;1;3;1;2;2;2;2;3;6;2;1;2;2;1;1;5;7;3;2;3;4;2;"3";"0.382638075102851";"46582.44"
"1013";16;5;1;2;3;1;5;1;2;1;3;3;1;2;2;2;2;5;7;2;97;1;2;1;1;4;7;97;2;2;4;97;"3";"0.382638075102851";"46582.44"
"1014";16;5;1;2;2;1;4;2;97;1;2;5;1;2;2;2;2;3;7;2;2;;;;1;4;7;3;2;2;4;2;"3";"0.382638075102851";"46582.44"
"1015";16;5;1;3;3;3;4;1;2;2;3;5;1;2;2;3;3;5;6;2;1;1;1;1;1;5;7;1;2;3;4;1;"3";"0.382638075102851";"46582.44"
"1016";16;5;1;3;3;97;3;2;3;2;97;4;1;2;2;2;2;3;11;1;1;1;1;1;1;6;7;3;1;4;4;2;"3";"0.382638075102851";"46582.44"
"1017";16;5;1;2;1;1;2;2;3;1;1;4;1;2;2;3;3;5;2;2;1;1;1;2;1;4;7;3;3;2;4;2;"3";"0.382638075102851";"46582.44"
"1018";24;5;1;2;3;2;5;3;3;1;1;5;2;1;1;3;3;4;3;2;1;2;1;2;1;3;7;3;3;1;4;2;"3";"0.382638075102851";"46582.44"
"1019";24;5;1;3;3;97;1;1;1;1;1;5;1;1;2;3;3;5;1;2;1;2;1;1;1;4;7;3;3;2;4;2;"3";"0.382638075102851";"46582.44"
"1020";24;5;1;2;3;97;4;1;3;1;1;4;2;2;2;3;2;4;6;2;1;2;1;2;1;5;7;5;2;3;4;3;"3";"0.382638075102851";"46582.44"
"1021";24;5;1;2;2;1;5;2;3;1;1;5;1;2;2;2;2;4;4;2;1;2;1;1;1;4;7;3;3;2;4;2;"3";"0.382638075102851";"46582.44"
"1022";24;5;1;3;3;1;4;4;97;1;3;5;1;2;2;3;2;3;6;2;1;1;2;1;1;6;7;3;2;4;4;2;"3";"0.382638075102851";"46582.44"
"1023";24;5;1;1;2;1;3;2;1;1;1;5;97;97;97;3;2;5;6;2;97;2;97;97;1;6;7;1;2;4;4;1;"3";"0.382638075102851";"46582.44"
"1024";24;5;1;1;3;3;4;1;3;1;1;5;1;2;2;3;3;5;4;2;2;;;;1;4;7;1;3;2;4;1;"3";"0.382638075102851";"46582.44"
"1025";24;5;1;3;3;1;4;3;3;1;1;4;1;2;1;2;3;4;6;97;1;1;2;1;1;6;7;3;2;4;4;2;"3";"0.382638075102851";"46582.44"
"1026";16;5;1;3;3;3;4;1;3;1;1;5;1;2;1;3;3;5;1;2;1;2;1;1;1;6;7;3;3;4;4;2;"3";"0.382638075102851";"46582.44"
"1027";16;5;1;2;2;2;4;1;1;1;3;5;1;1;2;3;3;5;1;2;2;;;;1;3;7;2;3;1;4;1;"3";"0.382638075102851";"46582.44"
"1028";16;5;1;2;3;1;4;2;2;1;1;4;1;2;1;3;3;5;3;2;1;1;2;1;1;5;7;1;3;3;4;1;"3";"0.382638075102851";"46582.44"
"1029";16;5;2;3;3;3;2;1;1;1;1;5;1;97;1;2;3;4;7;1;1;2;1;2;2;3;6;4;2;1;4;3;"1";"1.0615473633362";"129233"
"1030";16;5;2;97;2;1;5;2;2;1;1;4;1;2;97;3;3;1;6;2;97;1;2;97;2;7;2;3;2;4;1;2;"1";"1.0615473633362";"129233"
"1031";16;5;2;3;3;2;4;2;1;1;2;5;1;1;1;3;3;4;6;2;1;2;1;1;2;7;5;3;2;4;3;2;"1";"1.0615473633362";"129233"
"1032";24;5;2;2;2;2;5;4;3;1;97;5;1;2;2;3;97;5;1;97;1;1;1;1;2;7;3;4;3;4;2;3;"1";"1.0615473633362";"129233"
"1033";16;5;2;3;2;3;4;2;1;1;2;5;2;2;2;2;2;2;11;2;97;2;2;2;2;7;3;3;1;4;2;2;"2";"6.21799011475199";"756979.428571429"
"1034";21;5;2;2;2;2;2;1;2;2;2;4;2;2;1;2;2;4;1;2;1;1;1;1;2;3;5;2;3;1;3;1;"2";"6.21799011475199";"756979.428571429"
"1035";21;5;2;1;3;3;5;4;3;3;2;5;2;2;2;2;2;3;6;2;1;2;2;2;2;6;2;2;2;4;1;1;"2";"6.21799011475199";"756979.428571429"
"1036";24;5;2;1;1;3;4;2;1;97;2;2;1;2;1;1;1;2;10;2;2;;;;2;4;3;2;1;2;2;1;"2";"6.21799011475199";"756979.428571429"
"1037";24;5;2;1;2;3;4;4;3;2;3;5;1;2;1;3;3;5;7;1;1;2;2;1;2;4;2;2;2;2;1;1;"2";"6.21799011475199";"756979.428571429"
"1038";24;5;2;2;2;1;1;1;3;2;97;5;97;2;1;1;1;1;11;2;1;97;2;1;2;3;2;1;1;1;1;1;"2";"6.21799011475199";"756979.428571429"
"1039";16;5;2;1;1;1;6;4;3;3;2;5;1;2;2;2;1;2;11;2;2;;;;2;5;2;2;1;3;1;1;"2";"6.21799011475199";"756979.428571429"
"1040";16;5;1;2;1;1;5;3;2;97;1;3;1;2;97;2;1;2;11;1;1;1;2;1;2;4;5;3;1;2;3;2;"3";"0.745867434243702";"90802.0588235294"
"1041";24;5;1;3;3;3;5;3;3;97;1;4;1;2;1;3;3;4;3;2;2;;;;2;5;2;2;3;3;1;1;"3";"0.745867434243702";"90802.0588235294"
"1042";16;5;1;2;2;3;4;1;1;1;1;5;1;2;2;3;3;5;7;2;1;2;2;2;2;6;6;3;2;4;4;2;"3";"0.745867434243702";"90802.0588235294"
"1043";16;5;1;3;3;1;2;3;1;1;2;4;1;2;2;2;2;3;4;2;2;;;;2;6;2;2;3;4;1;1;"3";"0.745867434243702";"90802.0588235294"
"1044";24;5;1;1;2;1;1;2;3;2;2;1;1;1;1;3;2;3;1;1;2;;;;2;1;5;1;3;1;3;1;"3";"0.745867434243702";"90802.0588235294"
"1045";21;5;1;2;3;1;2;2;3;1;1;3;2;1;2;2;3;3;7;1;1;2;1;2;2;1;5;2;2;1;3;1;"3";"0.745867434243702";"90802.0588235294"
"1046";21;5;1;2;3;3;2;2;3;2;2;5;1;2;2;3;3;5;6;1;1;2;1;1;2;7;6;3;2;4;4;2;"3";"0.745867434243702";"90802.0588235294"
"1047";21;5;1;3;3;2;1;1;2;1;1;4;1;2;1;2;2;3;6;1;1;2;2;1;2;7;4;3;2;4;2;2;"3";"0.745867434243702";"90802.0588235294"
"1048";21;5;1;3;3;97;4;4;3;1;1;97;2;2;1;3;2;3;7;1;1;2;1;1;2;3;5;97;2;1;3;97;"3";"0.745867434243702";"90802.0588235294"
"1049";21;5;1;3;3;3;5;2;97;2;3;5;97;2;2;3;3;5;2;2;1;1;1;1;2;5;5;2;3;3;3;1;"3";"0.745867434243702";"90802.0588235294"
"1050";21;5;1;3;3;1;4;97;97;1;1;3;1;2;2;2;2;3;6;2;1;1;1;1;2;7;5;4;2;4;3;3;"3";"0.745867434243702";"90802.0588235294"
"1051";21;5;1;2;2;1;5;2;2;1;2;5;1;2;2;2;2;3;6;1;1;1;2;1;2;5;5;3;2;3;3;2;"3";"0.745867434243702";"90802.0588235294"
"1052";21;5;1;1;2;2;6;1;3;2;2;5;1;2;2;3;2;4;3;2;1;1;1;1;2;4;6;3;3;2;4;2;"3";"0.745867434243702";"90802.0588235294"
"1053";21;5;1;1;2;1;4;2;1;2;2;3;1;2;2;3;2;3;7;2;1;1;1;2;2;4;5;3;2;2;3;2;"3";"0.745867434243702";"90802.0588235294"
"1054";21;5;1;3;3;3;4;2;3;2;3;5;1;2;2;3;3;5;1;1;1;2;2;2;2;5;6;2;3;3;4;1;"3";"0.745867434243702";"90802.0588235294"
"1055";21;5;1;2;3;2;4;1;2;1;1;5;1;2;2;3;3;5;4;2;1;2;1;1;2;5;5;4;3;3;3;3;"3";"0.745867434243702";"90802.0588235294"
"1056";21;5;1;3;3;2;4;3;2;1;2;4;1;2;2;3;2;4;2;1;1;2;2;1;2;7;3;3;3;4;2;2;"3";"0.745867434243702";"90802.0588235294"
"1057";21;5;1;3;3;1;6;3;2;1;1;4;1;2;2;3;3;4;1;2;1;1;2;2;2;6;2;3;3;4;1;2;"3";"0.745867434243702";"90802.0588235294"
"1058";21;5;1;2;2;2;5;4;97;1;1;3;1;2;2;2;1;2;11;2;2;;;;2;7;6;3;1;4;4;2;"3";"0.745867434243702";"90802.0588235294"
"1059";21;5;1;1;3;1;6;2;2;1;2;5;1;2;2;3;3;4;1;1;1;2;1;2;2;4;5;3;3;2;3;2;"3";"0.745867434243702";"90802.0588235294"
"1060";16;5;1;2;2;3;5;2;2;1;1;3;1;2;97;2;3;3;6;2;1;2;1;2;2;7;5;3;2;4;3;2;"3";"0.745867434243702";"90802.0588235294"
"1061";16;5;1;2;2;3;6;3;3;2;3;5;2;2;2;3;3;5;9;2;1;2;2;1;2;5;5;3;1;3;3;2;"3";"0.745867434243702";"90802.0588235294"
"1062";16;5;1;3;3;2;4;1;2;2;1;2;1;2;2;1;1;2;11;97;1;1;1;1;2;6;5;4;1;4;3;3;"3";"0.745867434243702";"90802.0588235294"
"1063";16;5;1;3;3;2;4;1;2;2;3;5;1;2;2;3;3;5;3;2;1;2;2;2;2;7;5;2;3;4;3;1;"3";"0.745867434243702";"90802.0588235294"
"1064";16;5;1;3;3;1;3;1;2;1;1;4;1;2;1;2;3;4;5;1;1;2;1;1;2;5;5;3;3;3;3;2;"3";"0.745867434243702";"90802.0588235294"
"1065";16;5;1;3;2;3;6;2;3;1;1;3;1;2;2;2;3;3;6;1;1;2;2;1;2;6;2;3;2;4;1;2;"3";"0.745867434243702";"90802.0588235294"
"1066";16;5;1;3;3;1;4;2;3;1;2;5;1;2;1;3;3;4;5;2;1;2;1;2;2;3;5;3;3;1;3;2;"3";"0.745867434243702";"90802.0588235294"
"1067";24;5;1;2;2;1;4;2;1;1;1;4;1;2;1;2;2;3;6;1;1;2;2;1;2;1;4;2;2;1;2;1;"3";"0.745867434243702";"90802.0588235294"
"1068";24;5;1;2;3;2;4;1;3;1;1;4;1;2;2;2;3;4;2;2;2;;;;2;3;6;2;3;1;4;1;"3";"0.745867434243702";"90802.0588235294"
"1069";24;5;1;3;2;1;1;2;3;1;2;3;1;2;2;3;3;3;3;2;1;1;1;1;2;4;5;2;3;2;3;1;"3";"0.745867434243702";"90802.0588235294"
"1070";24;5;1;2;2;1;5;3;2;1;1;2;1;2;2;2;2;3;8;2;1;2;2;2;2;6;5;3;2;4;3;2;"3";"0.745867434243702";"90802.0588235294"
"1071";16;5;1;2;2;3;2;3;3;1;1;3;1;1;2;2;3;3;5;2;1;2;2;2;2;1;5;1;3;1;3;1;"3";"0.745867434243702";"90802.0588235294"
"1072";16;5;1;3;3;1;1;4;1;1;2;2;1;2;2;2;2;3;5;2;1;2;2;2;2;3;5;2;3;1;3;1;"3";"0.745867434243702";"90802.0588235294"
"1073";16;5;1;2;3;3;1;2;3;2;2;5;1;2;1;3;3;5;4;2;1;2;2;1;2;5;5;3;3;3;3;2;"3";"0.745867434243702";"90802.0588235294"
"1074";21;5;2;3;3;2;4;1;1;1;1;5;1;2;2;3;3;5;1;1;1;2;1;1;2;6;7;5;3;4;4;3;"1";"0.166206381881909";"20234"
"1075";21;5;2;3;3;3;3;1;1;1;1;5;1;2;1;2;3;4;4;1;1;2;1;1;2;5;7;3;3;3;4;2;"2";"1.00779081667402";"122688.666666667"
"1076";16;5;2;3;3;3;4;2;3;1;1;5;1;2;2;3;3;5;7;1;1;1;1;1;2;5;7;5;2;3;4;3;"2";"1.00779081667402";"122688.666666667"
"1077";16;5;2;3;2;2;3;1;3;1;1;4;1;2;97;3;3;3;6;2;1;2;97;1;2;7;7;5;2;4;4;3;"2";"1.00779081667402";"122688.666666667"
"1078";21;5;1;3;3;2;6;4;2;97;2;5;1;2;2;3;3;5;1;1;1;1;2;1;2;7;7;4;3;4;4;3;"3";"0.215141014498537";"26191.3125"
"1079";21;5;1;1;2;2;6;1;3;1;2;5;1;2;2;3;3;4;3;97;1;2;1;2;2;7;7;5;3;4;4;3;"3";"0.215141014498537";"26191.3125"
"1080";24;5;1;1;1;1;6;2;2;2;1;2;1;2;2;2;2;2;7;2;1;2;2;1;2;4;7;4;2;2;4;3;"3";"0.215141014498537";"26191.3125"
"1081";16;5;1;1;1;1;4;2;2;1;1;3;1;2;2;2;2;3;5;2;1;2;2;2;2;6;7;4;3;4;4;3;"3";"0.215141014498537";"26191.3125"
"1082";21;5;1;2;2;2;6;2;3;2;1;4;1;2;2;2;3;4;9;1;1;2;1;1;2;5;7;3;1;3;4;2;"3";"0.215141014498537";"26191.3125"
"1083";21;5;1;2;2;1;6;2;3;1;1;5;1;2;2;2;3;4;3;2;1;1;1;2;2;4;7;5;3;2;4;3;"3";"0.215141014498537";"26191.3125"
"1084";21;5;1;3;3;1;2;1;3;1;1;4;1;1;1;2;2;4;5;1;1;2;2;1;2;3;7;4;3;1;4;3;"3";"0.215141014498537";"26191.3125"
"1085";21;5;1;3;3;3;6;2;3;1;1;3;1;1;2;2;2;3;7;1;1;1;2;1;2;6;7;4;2;4;4;3;"3";"0.215141014498537";"26191.3125"
"1086";21;5;1;2;3;2;2;1;3;1;1;5;1;2;2;2;2;3;6;2;1;2;1;1;2;6;7;3;2;4;4;2;"3";"0.215141014498537";"26191.3125"
"1087";21;5;1;1;3;97;4;2;3;1;2;5;1;2;2;3;3;4;4;2;1;2;1;1;2;7;7;5;3;4;4;3;"3";"0.215141014498537";"26191.3125"
"1088";21;5;1;2;3;2;1;2;2;1;1;4;1;2;2;3;3;4;6;1;1;2;2;1;2;3;7;3;2;1;4;2;"3";"0.215141014498537";"26191.3125"
"1089";21;5;1;3;3;3;3;2;2;1;1;4;1;2;2;3;2;4;4;2;1;2;1;2;2;4;7;4;3;2;4;3;"3";"0.215141014498537";"26191.3125"
"1090";21;5;1;3;3;3;1;2;3;1;1;5;1;2;1;2;3;3;6;2;1;1;2;2;2;7;7;1;2;4;4;1;"3";"0.215141014498537";"26191.3125"
"1091";16;5;1;3;3;3;4;2;1;1;1;3;2;2;2;2;2;3;7;2;1;2;1;1;2;6;7;2;2;4;4;1;"3";"0.215141014498537";"26191.3125"
"1092";16;5;1;3;2;3;4;2;1;1;2;5;1;2;2;3;3;4;6;1;1;2;1;1;2;5;7;97;2;3;4;97;"3";"0.215141014498537";"26191.3125"
"1093";16;5;1;3;3;2;6;1;3;2;3;5;1;2;2;3;3;5;8;2;1;1;1;1;2;4;7;5;2;2;4;3;"3";"0.215141014498537";"26191.3125"
"1094";16;5;1;1;1;2;4;2;2;1;1;3;1;2;2;2;3;3;8;2;1;1;2;1;2;6;7;4;2;4;4;3;"3";"0.215141014498537";"26191.3125"
"1095";16;5;1;2;3;2;6;2;3;1;2;5;1;2;1;3;2;4;5;1;1;2;1;2;2;5;7;97;3;3;4;97;"3";"0.215141014498537";"26191.3125"
"1096";24;5;1;2;2;3;4;2;1;2;1;4;1;2;2;3;2;3;4;2;2;;;;2;4;7;3;3;2;4;2;"3";"0.215141014498537";"26191.3125"
"1097";24;5;1;2;2;2;4;1;2;1;1;3;1;1;2;3;3;4;4;1;1;2;1;1;2;3;7;4;3;1;4;3;"3";"0.215141014498537";"26191.3125"
"1098";24;5;1;2;2;97;4;1;3;1;1;5;1;2;1;3;2;5;6;2;1;2;1;1;2;5;7;4;2;3;4;3;"3";"0.215141014498537";"26191.3125"
"1099";24;5;1;3;3;3;4;1;3;2;2;4;1;2;2;2;3;4;6;1;1;1;1;1;2;3;7;4;2;1;4;3;"3";"0.215141014498537";"26191.3125"
"1100";24;5;1;3;3;2;1;2;2;3;1;4;1;2;2;1;3;3;8;2;1;2;2;1;2;4;7;4;2;2;4;3;"3";"0.215141014498537";"26191.3125"
"1101";24;5;1;2;3;2;4;2;3;1;1;3;1;1;2;2;2;2;7;1;2;;;;2;6;7;4;2;4;4;3;"3";"0.215141014498537";"26191.3125"
"1102";24;5;1;3;3;2;5;1;2;1;1;5;1;2;2;3;3;5;4;1;1;1;1;1;2;5;7;4;3;3;4;3;"3";"0.215141014498537";"26191.3125"
"1103";24;5;1;3;2;3;5;2;2;2;1;4;1;2;1;2;2;4;2;1;1;2;1;1;2;5;7;4;3;3;4;3;"3";"0.215141014498537";"26191.3125"
"1104";24;5;1;2;3;3;3;2;2;1;1;3;1;2;2;3;2;2;6;1;1;2;1;1;2;4;7;3;2;2;4;2;"3";"0.215141014498537";"26191.3125"
"1105";16;5;1;1;2;2;4;2;3;1;1;4;1;2;1;3;3;4;1;1;1;2;2;2;2;5;7;5;3;3;4;3;"3";"0.215141014498537";"26191.3125"
"1106";16;5;1;3;3;3;4;3;2;1;1;5;1;2;1;3;3;5;1;2;1;2;1;1;2;7;7;5;3;4;4;3;"3";"0.215141014498537";"26191.3125"
"1107";16;5;1;3;3;3;4;1;3;1;3;3;1;2;2;3;3;5;5;2;1;1;2;1;2;4;7;4;3;2;4;3;"3";"0.215141014498537";"26191.3125"
"1108";16;5;1;1;2;97;4;1;3;1;1;5;1;2;2;3;3;5;1;1;1;1;1;1;2;6;7;4;3;4;4;3;"3";"0.215141014498537";"26191.3125"
"1109";16;5;1;3;3;2;4;1;2;1;1;5;1;2;2;3;3;4;3;1;1;2;1;1;2;7;7;3;3;4;4;2;"3";"0.215141014498537";"26191.3125"
